openml,mf0,mf1,mf2,mf3,mf4,mf5,mf6,mf7,mf8,mf9,mf10,mf11,mf12,mf13,mf14,mf15,mf16,mf17,mf18,mf19,mf20,mf21,mf22,mf23,mf24,mf25,mf26,mf27,mf28,mf29
1468,-0.25315373529797036,-0.15354952541423847,-0.08998674449822418,-0.7329303000659171,-0.5541030102968246,0.838726683050743,2.6654450029847983,0.20834442819441365,-0.32446001306555927,-0.35850423968273204,0.07441339140872004,-0.6208137817628121,0.7134354352888801,-0.041295996940449116,-1.3573778727530375,0.5065941208838876,3.030227982461984,0.29101465908476726,-1.7841723407161365,-0.009687039391012628,-0.6402282124186037,-0.1948715062911637,1.10721273226285,1.1915949759100515,0.9641735905699987,-0.6313277734272319,1.6537451625746424,-0.9330240697678474,-0.06977604074455566,-2.1797657524051046
1123,-0.2594358121086074,1.1718865958924807,-0.1257601449398684,1.5134510155852894,-0.18961780784544466,-0.2533368506325298,0.4318627482197122,0.2241339535017683,-1.502896086618744,-0.23823453610666406,0.07463456652381663,-0.49626239515264753,-0.07223507221602385,0.2151333916800061,0.3495286218941088,0.18918642950961423,-1.0415241477243702,0.5117054974234001,0.12435670184109934,0.020573431264061477,0.42491469220174505,-0.88067160010465,-0.37042646686934344,0.5411600486551363,-0.537773918745643,-0.40507295165393303,-0.6100195810263518,0.1409494540679101,0.516060888109681,1.0320050815323443
300,-0.19064009094679013,-0.1814865696020293,0.07031440464503134,-2.0079294643137504,-0.175246343716028,-0.3042569386647621,-1.063824158069961,0.14509864007846512,-0.5086830633100268,0.4916006204099422,-0.07095185453004536,0.9321120801145715,0.35704166040243146,-0.6578979261510164,0.15355462926181926,-0.6065273213598165,-0.7109502636688075,-0.13980060278039041,0.16152223889588976,-0.32868777739581906,-0.67811566589616,0.6023147490541945,0.27275264950390643,-1.3106262767977397,0.15069593971338685,0.6255692096671979,-0.2964984116069597,-0.1639031417567233,0.11803707861201719,-0.40893048214642747
1515,-0.2578908865522137,-0.09541679334305371,0.01973008878118542,-1.5964194449895235,-0.6060897476379059,0.04757470430246885,0.6694565613074926,-0.035630434420210286,-0.8736382718787596,0.10546362805817866,0.10525045375440119,0.10994691855211931,0.7380559669302594,-0.3717753487520658,-0.7750966811954002,0.0939844160137483,0.7810006042060763,0.044170596112757046,-0.9169255162352772,-0.011145369964942777,0.30677159226635753,-0.5428525793871176,0.8167088043830866,0.05951575072263541,0.47971971958804716,0.5151327313664581,-0.024607117617637887,-0.006373028950638585,-0.7851238648208362,-0.5905091350448499
12,-0.24459149727458457,-0.23724743764107575,-0.08300361287763006,-0.8617367672123144,-0.12124660190916108,-0.28354644512828725,-0.8264264272512816,-0.7619708426402505,-0.0400938852266557,0.5900421500181292,-0.042966342516057875,0.5046420144355543,0.2469536083888946,-0.2792547598002115,0.1027909010491896,-0.3835865456482004,0.022317479729546646,0.10486069388644578,0.1024506546698113,-0.19724448554085347,0.3107631326980697,0.9458265813680657,0.29843789970287077,-0.4835966138716291,0.0702432256405245,0.4216465358512254,0.13218594198848166,0.47829344202118396,-0.515550912929131,-0.12393522935820478
16,-0.24459149727458462,-0.25723947317865475,-0.0834907179072267,-0.8609017117132994,-0.5943463717335913,-0.24972174213536805,-0.9674651532116246,0.562187165994717,-0.5631579078386272,-0.2469127700913929,-0.1901961466833463,0.9682738679159192,0.20307986973348027,-0.4614066977182939,0.2233170060560816,-0.5457569245010646,-0.6406767025781357,0.39096207847364484,-0.021522207200880765,-0.43465272326765986,-0.6517276137315023,0.4774295718453904,0.014390776553806202,0.3224118213037148,0.16597814878241474,0.4680038518730817,0.11932826114427543,-0.17001199753041454,-0.1473787319584051,-0.8317506524727651
14,-0.2445914972745846,-0.25566115458358274,-0.08345226224699538,-0.8609676371474322,0.11588972791984171,-0.2984281700518001,-0.7334067835082132,0.6246187543143531,-0.6705873177101018,-0.7053732722786245,-0.10431981646196123,0.8142513549418672,0.2781783013784998,-0.4105205802475931,0.09935568009039739,-0.4633539093426285,-0.012107166757711799,0.2537859282854113,-0.24178623115800815,-0.28061801968143635,0.4951907463548969,-0.02105016847694585,0.04148716628009169,-1.8578877032643417,-0.2884156320274088,0.9961886723710013,-0.2159970619012643,0.28357708569566314,-0.2714657495676483,-0.20260977403177804
18,-0.24459149727458437,-0.26486801305483615,-0.08367658693167801,-0.8605830721149912,2.050205796024484,-0.43245422650112525,-0.3458969380386076,-2.3235059171110857,0.3695516132610053,-4.297898072853133,0.18097188774710707,0.031611562686699554,0.034784768529751355,0.11758172103516187,-0.23901360607553818,0.42677725348244894,-0.4646965283660914,-0.26542229677655593,-0.22404095353194772,0.030293335394147112,-0.24247593368022874,-0.06789118027286813,-0.6601710520387023,-0.699290416962382,0.17113088426322057,0.582293683089502,0.040507269860540825,0.23829615593629688,-0.4692141348553493,0.24486976158181495
1501,-0.248379356921887,-0.2321983162669668,-0.08253391065212182,-0.8617457710086988,-0.41221495900878685,-0.26324802115488344,-0.7724107197518453,0.800905134774829,-0.09785344722206882,-0.41085273671177913,-0.17157461185067077,0.8245197684481771,0.30025975016659007,-0.5125454243201434,-0.019255476581793877,-0.5972902665398291,-0.2560446231769682,0.20325271305145304,-0.2162631130556616,-0.1799161935938028,0.06185924391175099,0.4236353663897778,-0.2997467252716365,-1.534639427584266,-0.31309272524913473,0.8908414685577681,-0.09658933038653748,0.19951690272571276,-0.19653634434937603,-0.44486211154292654
54,-0.2553315219256583,-0.26389062680207853,-0.14150627495863682,0.31065410130334276,1.689902242933138,-0.3822066863370683,0.05367732380476931,0.8850858553622694,0.27712918738278836,-0.026902273677821813,0.0612623960485106,-0.03703033697598035,0.43193952557637083,-0.1848423609529384,-0.10117942791342575,-0.3705549241034851,-0.16703762774303574,0.3039008786921232,-0.5480992358546573,0.40349203065585737,0.04001505923055319,0.08483436298855897,-0.21730601227019503,-1.2042065803396365,-0.4962580723911288,0.19340779473716194,-1.0219448664106865,-0.32797262117953574,-0.4624005502961544,0.24455240158053915
182,-0.20336245983588694,-0.2586153445771625,-0.1265220090537375,-0.12122825548425901,-0.05215973537991924,-0.2971142309801902,-0.5401264599898967,-2.064994643750837,0.7763158621107452,-3.2522752614749098,-0.04945630901458498,0.05741504699194226,-0.2873818123239819,0.04911685478161104,0.004002729253496507,-0.0696892982097224,-0.426312436378227,0.08142831773837146,0.6989856756654258,0.19916139733758662,-0.9296619612094811,-0.05742000731465116,0.5000605563439111,-2.0386880004110144,-0.14621003753040898,-0.3582041975449913,0.5029281104136851,-0.2790331374831158,1.3283209963159155,-0.470625274270176
11,-0.25738832040736304,-0.26584708172652977,-0.15117177609940835,0.9302418860630159,-0.45178418384277663,-0.23789902254613052,-0.3960127523516152,0.19306845818442042,1.1095490715762137,-1.0737425913441974,-0.21541364588184347,0.2174886293502786,-0.013597327132686783,-0.13846839196742297,0.24059830516286587,-0.2899539730368162,-0.15034647333601256,0.18953252621048472,-0.08563984600152022,-0.15881613755666274,-0.7547466055204722,0.27136668121232543,-0.4777247921657632,1.5413368413671553,-0.09171887843399423,-0.48944012498226197,-0.15127131470148927,-0.9456733861421849,0.21341185256676612,-0.13306480198974757
1459,-0.16810837545263957,-0.26045705670529934,-0.09056916649469432,-0.8286370249516566,0.9311589587021534,-0.38577070036480393,-0.505848290217067,1.1875106188380438,0.769364471768196,-0.2369480414800324,-0.0699801850181686,0.4373987804442068,0.35708247382053765,-0.5790086420295903,-0.2680155077776298,5.180968746175901,-0.551396456616432,-3.4959336557185163,-0.27044636433291663,-2.0440012678314754,3.770910978320545,2.0023234736265456,1.6544336489411233,0.2833598798289538,0.41473086814903537,-0.038694505330274284,0.8293373105713957,-0.2130302656879999,3.843023729209115,-0.04306672671836509
1466,-0.2434188429365989,-0.2609881300533732,-0.08368937994553804,-0.4843138143619823,-0.2776694890061127,-0.23689458689098855,-0.2998426504524906,-1.1332381469043018,-0.7384064042133722,1.332062229568231,0.07864954952259431,0.0045874868373594075,0.23896813239577055,-0.09722191623642426,0.07631263783069282,-0.05081702320671443,1.7216955433689127,0.07709848292011491,-0.8177962865103156,-0.44196561435919685,0.5693076880401473,0.043285095861621214,1.0602214100582226,0.8729084560719204,0.5048248679609058,0.06749578930656291,0.5842405854925783,0.316365175538928,-0.5067555573994266,-0.0800430876061835
23,-0.24949617057711124,-0.2631695440522437,-0.15182886028011794,0.7263611015884436,-0.907312152393039,-0.20248576998935905,-0.16712556460544323,0.9030199518646376,1.1243818201051428,0.15001992320262886,-0.2129987397064523,0.08035452041753705,0.15335323934462922,-0.32157346578499074,-0.06788179170658287,-0.387741016247418,-0.3329960364135226,0.15853189285416713,0.15176215272847235,0.607020158557062,-0.605473873671307,0.4897654352205367,-0.23629993187471993,0.18446810670691194,-0.41886317537978357,-0.4432461991096353,-0.21316028971383447,0.3670818301878884,0.4360778958238958,-1.3442543393579607
375,-0.17050021803091167,-0.25967020067790947,-0.10013716236546509,-0.6958388442675962,-0.329547912154132,-0.2968128211449776,-0.7893034461720296,0.11293483318930897,-0.054151931418427626,0.08118746129940171,-0.1203106233040379,0.5068606121969385,0.051254231598149895,-0.41167168542879434,0.10557637175650213,-0.10453767799416265,-0.8884846870451213,0.40099547742956504,0.4498562516407793,-0.34300963182371846,-2.825380048620122,-0.6870767270346416,-0.12799011720648967,0.7344610825574956,0.3138170771433124,-0.06508805395837983,0.49590892310374624,-1.900881671439661,1.939849890388472,-0.2588481489898302
377,-0.2576209899188675,-0.17957868366088064,-0.11963031887186966,-0.21668702414331875,-0.5356557971349792,0.6856388716213422,2.846421097085729,-0.13501104820769697,-0.8839628445955452,-0.2602172064247954,0.19229609479325632,-1.0107266772109176,0.6844686050896258,0.13457372052171826,-1.3629442786188797,0.7566884863700487,-1.9998145298176992,0.49212866216561246,-0.360171966030298,0.9432440069924714,0.41721692789483195,-1.044053891831763,-0.21061490014511455,0.2929559387609136,-0.2637791075947007,-0.35894004924407164,-0.8152441941430428,0.25538732525261393,0.36776528748674375,-0.024941371216560704
60,-0.21667115589397667,-0.25883389457422074,-0.1547275037744687,0.6830558241300448,-0.244887502695396,-0.2701911246822024,-0.4012742130495853,0.5231129625364609,-0.04874601416523606,0.28086090977210376,-0.13779674562937308,0.1903811319822997,-0.009466174558214734,-0.17460397070485373,0.3692729074686553,-0.4005234335512236,-0.5585342316618136,0.6816822928991226,0.5112796668026006,-0.282938994649752,-1.8917928160785984,-0.5371960771309445,0.5008059805217957,0.5351885451563068,-0.023418530318963363,-1.005413241124985,2.515445296368009,1.3264670877640352,1.6142588417642345,-2.6373187327285716
1478,-0.16735452623536304,-0.18754916840635397,-0.12808608025532914,-0.21045141866450298,1.3034444376809031,-0.38530169441093726,-0.026062674257400012,-1.0378868627738946,-1.0036654904091682,1.5493363600856402,0.24963544711276245,-0.47146227911826283,0.13732686758386514,0.022308742663243234,0.06804925719721662,0.05801224045292359,-0.9016283368621294,0.16264491993256994,0.63503736053631,0.24233481305665436,-0.7461577559326739,0.05069243273930386,-0.11293270752546176,-0.8806323834755688,-0.2073475521203819,-0.26592409068848305,-0.7119278375114906,-0.24557177654935938,2.5566297877677697,-0.1393108736954467
1476,-0.13374774199357156,-0.24261977730046236,-0.13250370530244973,-0.1812030079628953,2.8253367645779015,1.2595573269031857,0.463993976888481,0.2674075190542337,-0.014384404017964402,0.35888561163020816,-0.43744778374365506,1.0287916903643655,-0.6812371128764968,0.13408461709183658,1.5852036563542953,-0.7580904015292564,-0.39574493832274843,0.2145067077776753,-1.2237877321406168,-1.2291710286806892,-1.3189771139400817,0.5832949558352843,-0.4620247009624583,-0.6591883931676026,-0.05696830568558657,-0.3111647802746001,1.1207023948849424,0.32850544936062587,1.4951371377544207,0.8061573111023561
40496,-0.2585516679648883,-0.26551759440253586,-0.08241472126849542,-0.8513163192283806,0.062374598553482936,-0.29063201028653807,-0.6787670805318724,-1.2062237398766609,1.0414892619760523,-3.0935750657045773,-0.09288098137784434,0.5036192196573175,0.10515576375040117,-0.22061368611999513,-0.2536234750047193,-0.2894049448571081,-0.45889618569280427,-0.06573764910233534,-0.36557799528653173,0.20571683350211162,-0.5075260858738803,0.16143000309855243,-0.534241159859424,0.6273465528274472,0.2321494624309252,0.4615047187151556,-0.2808941309912108,-0.18875272857675607,-0.4042653336503064,0.35599797286920154
1233,-0.25441015066009814,0.572012148959368,-0.09180563307096391,-0.4431503530191086,-0.3338767299096562,-0.26408911559788995,-0.5030370757907536,0.9725575980660657,-2.544392944355022,-1.0016867813632988,-0.05889697882530404,0.7409317992887244,0.08442063352054663,-0.23969779025396928,0.3354216761343167,-0.11206265458949165,2.949088565977208,0.41189515931790993,-0.43403556598688364,-1.3859100967327624,0.21306905332026493,-0.769613717327212,1.4331762753053712,-1.3515736389545354,0.4258873938940724,0.43304586120632804,1.072619403846284,-0.3538289237158801,-0.4968144745391395,-1.1705064790696316
40979,-0.24459149727458454,-0.23409080045093172,-0.08292670155716746,-0.8618686180805799,-0.1271454070074692,-0.2841419015613332,-0.7419744172165219,-0.1111358654158195,-0.1005865524067755,0.6749311046653919,-0.06340614007404824,0.5470631896302581,0.3178027774429274,-0.37302466673640233,0.02736922562129601,-0.451924437556707,-0.6977050480110083,0.25431802709469026,0.07229498515907735,-0.14784189856475735,-0.7755688735558396,0.6293866974475005,0.14554757788629982,0.7444549915765666,0.26350451789903667,0.056972921913103075,-0.17109815407172668,-0.4789994475436037,0.1585077995830734,-0.788555685140989
40984,-0.2417063953319216,-0.2629967389447351,-0.11331328669603861,-0.41056039199768685,0.03934497180055988,-0.2278023614079142,-0.09721963627191056,-1.5238003608853758,-0.49032446387509054,1.7159580091813722,0.1483948417438079,-0.2556632012465834,0.28357602315722674,-0.011380816563223305,-0.08687587525888323,0.0960918686914728,-0.24014727861651614,0.11810964231939697,0.38963706009023774,0.09497428731402383,0.6220183473835349,0.5861239712046186,0.45282113221618675,-0.15016252177145964,-0.001517018414233508,-0.026024723790461786,-0.31386053725917584,0.6064526783349742,-0.060337655091851815,0.29652556988036416
61,-0.26180904112595926,-0.26609443256067133,-0.15077320010821213,0.6844957351903792,-1.4100110151378114,-0.17203546975331488,-0.6110027440689979,-2.8359323309927023,0.34337601295381925,-1.0794305626648297,-0.09663960170377313,-0.09148893882416266,-0.3854215050434602,0.2708460578082714,0.45146196312331444,0.06482834599336686,1.2018976109611894,0.12856233144385026,0.22779953577062792,-0.5297670399097804,0.822108177081071,0.08481929868305547,0.6391299472874264,0.6391428501766202,0.12294917534632073,-0.22991550990907075,0.540901670447969,0.43873924871512554,-0.46966428062482846,-0.15561456840321775
40982,-0.2451405973217364,-0.2621366790907535,-0.11297801897710956,-0.04501261767362673,-0.6467893811589193,-0.049102979523835834,-0.14044266975125713,-0.06728514818023884,0.09479891942868736,0.4144541911886196,-0.12250818757626032,0.21536726995345457,0.14982679038674923,-0.20667355814073296,0.05741637356500812,-0.22496186928608347,-0.4974391307423879,0.22607469137101527,0.37553498793372014,0.07193586942104242,0.35747159480809215,1.0650567836285787,-0.3526638010591741,-1.3003216130587885,-0.48766765665027384,0.5369987501788261,0.2999175156602867,0.21049446870853636,-0.8085105840828926,-0.5259614344621406
1554,-0.25855166796488843,-0.26433385545623184,-0.13141627416412144,0.18135405757736578,-0.6119337604412515,-0.23250963255056348,-0.5059349786354628,1.2352700121131,1.0611397201826862,-0.10175163855571177,-0.25141466211153235,0.5024692976530294,0.25369384506890885,-0.4623171190165877,-0.036624275517606775,-0.6599186145748043,-0.22082583345333953,0.19051775493825057,-0.31620064154580557,0.2507482586964813,-0.5103083334944736,0.26762139670051005,-0.42629480965793254,0.04582903396636774,-0.3526307495887978,-0.013823985821750746,-0.2564521473602408,-0.5036248515590112,0.3128155489221933,-0.5900365042580393
40975,-0.2471229415597596,-0.2630367557097046,-0.1422367537261791,1.041377619163109,-1.0310888533886375,-0.20012004154444876,-0.2656249152197314,0.6571054804912018,0.5010050636805317,0.21794854017288523,-0.21622696676518668,0.1356083630034354,0.019862199506379546,-0.1929783341201192,0.3095793782214464,-0.4669670863235789,-0.06270852793369035,0.3132480181431442,0.12602747233192316,0.023931642746803213,-0.13508503226949392,0.7705795212610762,-0.767558693517525,0.4383772368387509,-0.4922050228540229,-0.022132470760069453,-0.2913865124981321,-0.2138574827176495,0.08351885522852392,0.019629077151917862
41027,0.15391553525083052,-0.24257050701882335,-0.18824887704359597,0.8896558308257507,-0.4155412110256662,-0.41107791628868656,-0.20719680969559948,0.684880557760524,0.5000124877798438,0.20113064691084498,-0.12007082910038361,-0.8036967491944359,-0.9642285828296815,-0.3584576316212003,0.28047476670135657,4.313951772753589,-0.29983585536503127,-3.425311254881176,-0.06310414958254314,-2.6695080153582467,-3.9089153895769666,-1.962502023578783,-0.954472553042252,0.15808479227696984,0.02526595223116589,0.35770388544765747,-2.4077133388628895,0.5138728600637676,-3.3879374324154963,-0.5527391000442883
30,-0.2122690487363005,-0.26253338170495566,-0.13560838284522345,1.5738658874691045,1.5841042618976608,0.7364987993320046,1.9973636208424894,-0.7079759876479148,0.6924542826086044,0.9307531362599326,0.007490190885843832,-0.9923194349099086,-0.09953696903423151,0.48191973716441355,0.3496860628350475,0.16754451647187235,-0.8210804690616158,0.20882470783157775,-0.22328947896024456,0.2974670286327698,0.01401077574801803,-0.4109912849422673,-0.8103850709917871,-0.03783508708324995,-0.7398624147488136,-0.9982059670451214,-0.6555302564484915,-0.44927807565186456,1.2713969508517484,0.7445088729072964
26,-0.14258918343076404,-0.2565301870268576,-0.14183950536018355,0.5756652474230912,-0.8980183370199571,-0.2574589985368139,-0.3472522220272883,0.6674024487504611,-2.8869613444743845,-0.7699998586531653,-0.09877687154730788,0.23891217062300332,-0.481722221564577,-0.0720337430030315,0.7975922002066262,0.11816166400647796,-0.9863245860042148,0.4161277504110983,0.37808954170212167,-0.8040864150811474,-1.8116871863379094,-0.5016838518619668,-0.5491764320787966,0.6010785989935457,-0.03856758347069446,0.14908232990957518,-0.7218757728767322,-0.9557747137000456,-0.34443715101981653,-0.1660597814979825
181,-0.24939379599204897,-0.26487366107232496,-0.08323719826243124,-0.09429009157161726,0.2091318953276496,-0.24452445658275332,0.08294452695090287,-0.1594581718380612,0.6526094282554203,0.7546410691120757,0.038499429141548996,-0.1923292950050872,0.406552104934289,-0.22126816599620378,-0.263309590516645,0.2302748734781985,-0.5288887254339326,-0.21601331916449099,0.32918926760203227,0.22532653085820956,0.6550797560034851,0.28684860580411997,-0.39132944281161963,-1.655142530033436,-0.635346628316711,0.40423740058265806,0.11748219151188612,-0.41719075254760907,-1.058935583940876,-0.11971535499748243
40971,-0.25389827773478646,-0.12991640557601355,0.11658487648459423,-1.9286430569825561,-0.7013084843952032,1.4062118196026967,3.1093244450442663,0.2630121615256273,-0.6283502984065763,-0.7535257856300411,-0.02358328199436268,-0.07965134083297379,0.840486912143705,-0.17204591707421665,-1.1230338192667482,0.43366333619314734,-1.4027946966213372,0.13297252189508815,-1.5107348049932503,0.33909616858502045,0.42304670827921353,-0.14144988883383877,-0.21140710995638584,0.8848572973078886,0.36739734956881875,0.566303342527562,0.11388898700931628,0.8232520051620694,-0.4274852135594326,0.8426278623465713
48,-0.2617997343454991,-0.26596238527248384,-0.15077083457720947,0.6848968501124839,-1.1419826197645533,-0.18914013097552654,-0.40283827629070557,0.7701684138192816,1.219464809155095,0.24852866851577698,-0.2644517482049731,0.2867413778905721,0.14761276425961653,-0.33109063470802,0.05528465158333512,-0.47077598141521976,0.5185974638933778,0.023292631516965104,-0.37193940102133194,0.03375134180374199,0.48022465795864094,0.5077225743834873,-0.45956351837764914,-0.1716383183418112,-0.5344346957699599,0.04685484032387315,0.01197404451034244,0.10985681406968131,-0.19232827330726313,-0.21443177344851083
39,-0.26007797996036147,-0.2656029955326395,-0.1018892655194337,0.16802150507519759,-1.0253372127964437,-0.113847745857994,-0.08341105770761782,-2.073537379492513,0.6817358314839654,-1.588769370672741,-0.04570753938908616,-0.18345093744442606,-0.07954487975945321,0.09058709859936773,-0.07512410453745137,0.10387187602126262,0.032746037580659734,-0.03563412811378603,0.2690633757936424,0.12179756193726826,0.5641909827352166,0.14682019159034315,-0.1144506971782241,-0.31362397797704306,-0.19549604943222226,0.04309300426851251,-0.026939165273372374,0.43445653627920156,-0.2434133658881577,0.1401841380258908
41,-0.2612134071765063,-0.26540347254244034,-0.1115865640742022,0.17131044660792866,-0.6783188571825565,-0.20916974203239727,-0.2630004980061749,-0.15537563247042036,-0.1364400134967633,0.40343448102618273,-0.07614828455461886,0.13825971757950903,0.17325732955424608,-0.16562798185610178,0.11212842935303154,-0.2117505659916755,-0.11595249320217964,0.1980843435397776,9.629297173571898E-4,-0.0602131511826515,0.4283866600986375,0.32239486833182796,-0.03404980822999604,0.3328666131120174,-0.17928735909845278,0.08677178904841235,-0.20065828567763688,0.03608775366017926,-0.28708316802153916,0.2391840476758027
313,-0.25826315777062164,-0.18290277836388935,0.2922027785591728,-1.8226330227028205,-0.6819885496049098,0.522328323377601,1.873288170863455,0.05751724956559477,-0.6606129566652228,-0.1694999000511136,0.13423245121065652,-0.14532159829860036,0.9751420147495827,-0.36606174309728057,-0.6432564220510281,0.14924646059133165,-2.6232601551022734,-0.03993117899125072,-0.22817751287725027,0.43413558903788046,-0.36420114815152466,-0.16155271052378994,-0.47756012197436404,1.2595000588398002,0.23420839222649187,0.36628148086760987,-0.5205215932276328,-0.017789254641994066,0.029013039159037426,0.5570998487618306
187,-0.2615484512730736,-0.2648961129336179,-0.1507678533688355,0.7011532954699295,-0.8315379242146698,-0.210571499713531,-0.454175683489568,-1.2500960248166166,-0.07316892276928953,0.46085443522420644,-0.07814332091353296,0.0038757872232017794,-0.0851200803512108,0.0826908947541726,0.4355930061830192,-0.17360602314049428,-0.22242097574044978,0.34128589632303297,0.4498280893761049,-0.23356278501713448,0.6154377384741787,0.0960088026785879,0.13364051145741115,1.1680792151267168,-0.1239464546144973,-0.21662064757983304,-0.46803610452041156,0.11935486177071289,-0.21296307907036857,0.3954655552796682
1115,-0.2617997343454989,-0.25938605779301704,-0.15061060265957896,0.6846221608035975,-0.6134754100356062,-0.1379745608076569,0.7611671901365695,0.631066275823913,1.1834187592598697,0.23636546449889734,-0.024621721770900967,-0.5416666095541621,0.4529524504611166,-0.2149621190006527,-0.7047721787416813,-0.20763205422009462,1.451068418862352,0.07385820835874606,-1.2991804135156282,0.871378473496769,-0.018429610763908845,-0.5759617653195432,0.3017440912035745,0.7866441934305043,-0.11709670654863663,-0.7007488778952607,-0.1699692084777631,-0.7961117505103441,0.7027748955805407,-1.2083822564207187
952,-0.2612134071765063,-0.26540347254244034,-0.1213926430023621,0.16332529430877646,-0.6778463437011231,-0.20971252588884967,-0.26366701602605186,-0.15478435135370394,-0.13415867092027586,0.4008152830857497,-0.07604093619655798,0.1377384313618186,0.1737898052793407,-0.16525956880083187,0.08248249127909797,-0.20390973045283217,-0.1245277863423056,0.20989651917771993,0.004983771152037924,-0.045129482804313316,0.41707390683184437,0.3136345641036381,-0.020300262175554584,0.32021910168084855,-0.1763302088072579,0.0724137088709054,-0.2694390077779385,0.08180716534742384,-0.21951210660719617,0.2615695443930157
694,-0.26031995625232696,-0.2654850081866032,-0.09205816516182416,-0.6828927816386637,-0.9231554317481371,-0.21986671129168733,-0.9455520975432595,-2.8094833633925655,0.9265658367060181,2.515194300888612,0.004891826324688832,0.053225390508892814,0.17160347944118953,-0.07134403335097336,0.12771714803014683,-0.15095569059407293,-0.7034455045467868,-0.025959225042860606,1.1520661301393385,0.019784216026445416,0.2513008863184953,1.1003857737520821,0.3803640028333454,2.2227823994837603,0.4075689864769174,-0.15054315396891077,-0.9085483150766454,0.06332715398989687,-0.331913597217547,-0.23246891830977923
679,-0.2536749150037421,-0.2659023601250296,-0.14170691028055843,0.4486163928215402,1.1955188319328893,-0.35692266663966166,-0.12762019403628239,1.1819039866164776,0.8981964251570105,-0.5625392117851613,-0.06403052384854942,0.16845114954248505,0.3686919802768047,-0.2745306559041774,-0.06662157450945475,0.5111508055308913,-0.14719924756527203,-0.5180161881052747,-0.8192053153012713,-0.7380534556805474,0.537662847074433,0.5376094491206657,-1.4342496688058628,0.09378715333343406,-0.46552084491213475,0.5442956745229933,0.05882026445909707,-0.3853082766105685,-1.2156374280060156,-2.434548717394391
1100,-0.2587564171350129,-0.26381920550703475,-0.15099715310533326,0.7945564522691255,-0.6390849870071691,-0.21964534335753985,-0.13844641559016266,0.939461469341579,1.1110682534983358,0.12905369188000265,-0.19374341019246105,0.06643081808460559,0.18731854780500728,-0.29514996335993754,-0.04033104019737982,-0.5712484772972029,0.3929963113612291,0.1280697776799523,-0.45890266018238374,0.39969470652851097,0.12733807974969366,0.13904132194977084,-0.4890064286391254,-0.3854884042303686,-0.6075975632093105,-0.06119613312027087,-0.6115438890755449,-0.25074454955787545,-0.0021659621794206303,-0.06611768726878875
480,-0.2626373445869171,-0.2574600260230144,-0.14068093449464003,0.8342634964383034,-0.6818418471506993,-0.19430336938034404,0.18070701036303244,-0.19952932859283082,-1.88865668568717,0.1671961400509394,0.027914490680595802,-0.16666042092020147,-2.3868582132682966E-4,0.11673952669579121,0.3758090559833497,0.11931648380240568,0.18589773074819094,0.5254473624730999,-0.2773405760758975,-0.49392943115796784,0.8579788466078845,-0.7442459338782338,0.44635916278636034,0.8264638964793621,-0.10124304512328314,-0.17116882820577878,0.14210781133379946,0.4192975024549325,-0.1002948531770723,0.6416702543751889
40996,0.3882695740191921,-0.1271301327972304,-0.13824267808564367,-0.8833488142773088,0.0033259959703758803,-0.21278540637813306,-0.26935456260215157,-0.17027179904360235,0.09384035467440051,0.8596990071961643,-0.047221022089800835,-0.9559630211863833,-1.4370918820679999,-0.5747137878351041,0.14417053854154824,-0.37201587269554065,-0.5765029700463797,-2.0545848691240813,1.7915580670647586,1.5794508487030872,0.9511233113158633,-3.6622157021770008,-3.2619521889298095,1.0918755784303364,-1.068915309525323,2.8884876613081865,5.664601063376196,-0.27645284444220936,0.40177070649931296,-0.7214463968931577
1044,-0.16142610708221397,-0.2574526354000103,-0.15975010530198006,0.6986802127935818,0.0810675335125699,-0.27891267316202145,0.2433074526298188,0.9828668481298531,1.0297241380675315,0.05141223026954632,-0.06900109153965829,-0.38384615306113484,0.09337331804140865,-0.2922528190606637,-0.270719726507437,0.18102835563323133,-0.8340826686423451,0.39168742501556814,0.5767931162098806,0.8438540899314823,-2.633089629856441,-0.4424289460135036,3.833815602659286,-0.6323955093165646,0.3687629664339056,-1.1239847875386864,1.1199703531541838,5.647456520853096,0.22080474711869905,-0.25927552530008935
1041,-0.23092914355900704,-0.16177591321218648,-0.08241518788298162,-0.8623455813119987,-0.4546425430699548,0.310694719034665,0.2745483276070972,-0.20624906499899118,-1.1602874251177655,0.37097021751612025,-0.09433445734718561,0.43936270010426237,0.15660973137933087,-0.1589206823299493,0.071343744562359,-0.07749178478834666,-0.7884028444561443,0.3804408678934806,0.687967277120223,-0.5462613340060308,1.025784460081772,-0.5637645108271171,-0.08200123036163136,-2.9922113217557413,-0.6571002062562457,1.0563369644774439,-0.49851482162676847,1.1071976393044771,-0.3566728360609769,-0.2741340512850732
329,-0.2617159733213572,-0.2660892251746894,-0.14097551225355112,0.7565134080897514,-0.3378360776526646,-0.244655537853802,-0.3081818625976773,0.4291348058528452,0.934286986006863,0.5567377250880021,-0.15419438602252675,0.12371966713539774,0.1906901259184418,-0.20502107519301974,0.16875721200262808,-0.47775231767350274,1.4909442038823064,0.12860939326756865,-0.9385390682626927,-0.10003445150952746,0.46233003620303587,0.23408941736337624,0.11562386161384175,0.7008471722344609,-0.14944998917280833,-0.12591690160971034,0.10601787649376071,-0.5237812089853315,-0.17143846342945887,-0.48178698293817046
150,5.144146070548241,0.0429591585421979,-0.5987942259478316,0.4165686537705893,0.18833698316719977,4.389368469637748,-2.994613892464557,-3.082043079509724E-4,-0.5833470129222749,-0.43893582614576404,-3.0414455182868254,-3.3401956894144975,4.050543369784474,-0.6238077524643146,0.08959828213437565,0.007508328686232854,-0.002904374120006597,0.00911419012561571,-0.0014942922397213289,0.0033233973154764033,7.06069198355959E-4,-1.307149924371319E-5,-0.003306018767591733,0.00147291803229058,0.0020875563659532785,-0.0011200391652481556,-0.0014369033545438095,-1.4757721968365282E-5,-0.0015242991852312342,0.0023045856500232276
155,7.453986606185462,0.16838648055095284,-0.7777261377366085,0.669634135546925,-0.12732465029476017,-3.4488637768417125,2.588732645938894,-0.6754120615943898,0.2544040427091247,0.24627799675971535,1.1934114248840317,3.9676618108007435,-0.008997158651487275,-0.00793721033542421,-0.0103142740781158,-0.01332744572895755,-1.556119592574245E-4,0.011582317056872116,-0.011241452146937732,0.013442651450162992,6.090506789617888E-4,0.00858104575652105,-0.00554623669439964,-0.018243849639900816,-0.017764726296945435,-5.7345486285284596E-5,0.005131713714394445,0.004699375120997879,0.005892426134701097,0.006280087837094328
1465,-0.26221853946620827,-0.26545971231104515,-0.12130201940857435,-0.19422118718322468,-0.283196788817214,-0.25936358200596327,-0.7148796265421148,0.817910364987644,0.7393601161885798,-0.3757076411218019,-0.2177332395623166,0.7022716115129206,0.2761034732415528,-0.4279915810604435,0.040631461566658034,-0.6495870516726092,0.5660308126166383,0.12667768772033355,-0.830031080252904,-0.0855077685621743,0.29563871111143214,0.4917629428946105,-0.22401342846441516,0.14435077599638116,-0.12547067307195905,0.4915292506415806,-0.07778874524658619,-0.08974120119588344,-0.4983760335287893,0.04920777845627633
1527,-0.2329394081384108,-0.26461062797866697,-0.13376715788959348,1.5827221431652965,-0.48373270808501345,-0.23501688780763047,-0.07635201092808622,0.020104890783162473,-0.27592993378423825,0.5540412462578009,-0.09535972608093185,-0.2219085123238564,-0.1492556672210415,0.08086045636631885,0.6901474234160466,0.7121955819500372,-0.3508339265403606,-0.17821120353192296,0.5221654055361017,-1.1589868605230162,0.2053416813582709,0.3086924293375331,-0.8217182418801928,1.0918007054734469,-0.41965289331574246,-0.4177807540555005,0.558214471979296,-0.30098670999177357,-0.4500435912229647,-0.5015396524902248
393,-0.23458670827986625,1.3700406861353007,-0.08398210687592278,-0.13917000710986724,-0.4628234748049029,1.0126904108872268,2.7719918045515612,-0.19580098341230845,1.7070163459070073,0.3661785295579862,0.004398635234892119,-0.9797530309370395,0.5341410825914665,0.03731039584364661,-1.3863735734151632,0.37441051920203516,0.09031503652874921,-0.0058080476043743424,0.3917597385348262,1.1273545828373752,-0.22293996239406108,1.4152886077179923,-0.9723845348396707,-1.353496770327138,-0.41765839370395946,-0.20311283833456653,0.6024135770907453,0.3295257152712955,-0.4556601669443999,-1.364479397203425
399,-0.15932277469820824,1.2470657257259978,-0.05464253758878991,-0.8834947500674643,-0.5524191473853899,4.624256004531713,2.591847648788292,-0.5755962751838746,2.592955144485261,0.43436668638974923,-1.5470240632576242,2.6379032389313095,-1.5922977416363953,0.4210686178626017,2.494677020306799,-1.0847608363749108,0.5802691441907452,0.26522476601871,1.238873698110825,-3.5027689329288947,0.8652940779248,-1.471848801146537,0.5663733246093658,-0.10382793249398338,0.043755218061050975,0.08088438537356325,-0.27805601301201605,-0.28714493331859503,-1.176951247476863,0.5107883379023939
180,0.7641983571481563,-0.20211031980064775,-0.20389436405150163,0.4238593235274867,-0.3598241400268159,3.6853619916153537,-1.7106731873270526,0.5472410383775069,0.28790024963887206,-0.19267654106614457,8.66644080550859,-1.197418806458823E-6,-8.352962600096748E-8,1.3819349855846742E-8,-4.7728858909583E-9,4.968771030180734E-9,1.2380516272922848E-9,-2.6934135255528255E-9,3.4940525167899486E-9,8.310679047295784E-10,-6.947653561557972E-10,-1.5743083422331465E-9,8.778228770233958E-10,5.436239006744305E-9,4.288723342056967E-9,2.8745930112417546E-10,-3.4201970522472207E-9,-1.3827372936635664E-9,-1.6797930629772822E-9,-1.6152661430623994E-9
1499,-0.26125063429834694,-0.26566860859601177,-0.15081393263414747,0.68446293773492,0.9041985786282727,-0.33166908949949225,-0.11420125892182759,-2.3601079625665973,0.16651251102255785,-0.7749063520291761,0.14795316244718928,-0.470589194787457,-0.059337519024643494,0.3481187527820762,0.24657964969231466,0.12037082801675561,0.46321566608289344,0.24746182941198583,0.04266962026987382,-0.028450445455328714,0.48875330371331943,-0.22218300996184764,0.4713391435864941,0.5991408204497332,0.06395292033448638,-0.4856363275117976,-0.011557054470308963,0.07139650566622882,0.0024137799792548716,0.039774388991120624
1513,-0.2620603241983848,-0.2650562801061079,-0.13111274924662455,0.3402222572760121,-0.2818911419424619,-0.24674699151962687,-0.2918227524452599,1.0516015723742218,0.9188187170740165,-0.0707584471810262,-0.1798490475797291,0.28482696509463123,0.27136402055910563,-0.36863678974688346,-0.05816800056941323,-0.5840156526240449,-0.05466244143757301,0.13692922210214145,-0.5514023030625238,0.33385836851445316,-0.2428210660140321,0.14563783184631632,-0.4179988253816808,0.45814019074172324,-0.30720243468340414,-0.07352400766081363,-0.664001066272073,-0.7979692845749544,0.32274008063543186,-0.0960660308872976
62,-0.26226507336850885,-0.2513889751979772,-0.11114884863993581,-0.026452482099299277,-0.6155578268205915,-0.09084693813638726,0.9610556176071079,0.15223450436427893,-2.058712132690927,-0.44902131695860575,0.15334229245794398,-0.3513777775722737,0.4044928639920649,-0.014241129086378188,-0.46543572331121663,0.3908294023110005,-0.489439533527498,0.48442058719457726,-0.5389061091326955,0.03857508555173548,0.6990708230259142,-0.8452401662663096,0.21443969749364364,0.4089263690508158,-0.040128176341340846,0.12679701624504278,-0.020795743335112242,0.622448139861376,-0.2935417373699817,0.45647203607942277
1512,-0.26134370210294916,-0.26488465668445765,-0.13117415587421324,0.15715269733443968,-0.19657016337408062,-0.24419902480381264,-0.23889470858523432,1.1391622789636555,1.1339017671157219,-0.08993197513997464,-0.1711500140135963,0.272458747154993,0.3429647946727408,-0.4229611995912974,-0.22186271777031413,-0.5831326863864742,0.24594600221812152,0.04805614373377947,-0.7294655218644367,0.4729609374039292,-0.09754671717969231,0.7342814653971145,-0.6174882246645148,-0.15268587063088623,-0.37136948419788507,0.1378182671080575,-0.2743882970785094,-0.2524093024690505,0.4579067696294829,0.17603614797274503
1523,-0.26031995625232673,-0.2657480612857818,-0.15090104800748874,0.7702266730713773,2.64955348944739,-0.4378720972301336,0.40807182378198464,-0.20001365999206921,-0.014716826338319822,-0.05791765312472629,0.2499546291686486,-0.5655355926719985,0.3756134064435506,0.15366138735808962,-0.0011511626354306383,-0.04058324593569683,0.7905558681097645,0.2998549400166993,-1.0888137376217144,0.3009541644129456,0.18076762465653493,-0.6320018261869547,0.37888470568323895,0.6045256931821488,-0.004451114214816743,-0.5970669968591771,-0.21788898894901898,-0.630660955472119,0.43280495163236815,-0.28743154376997637
1508,-0.25945442566952803,-0.26583115914573924,-0.13137013177306112,0.27457084561383716,0.20996329083458165,-0.28862795392647833,-0.3891875302256201,0.19597949406564222,-1.7234169296019086,-0.3769597568705956,-0.02288394171769061,0.3737140441414304,0.04099291603616846,-0.035341413499053,0.5270536875846971,-0.07816142613674147,0.0267063542625074,0.44027088194605235,-0.40441311719989553,-0.7358127677998172,0.8161294495687512,-0.1629214042744378,0.07729140070661433,0.23193282427784817,-0.09515553975347761,0.42521247650095007,0.20536830412230067,0.5732104053626484,-0.6391501589192451,0.757142398678238
1117,-0.2624512089777131,-0.26507815112723193,-0.1506896645942491,0.8921141148310812,0.8233191072774929,-0.3190229766905291,0.03962886083474437,0.8531363314378668,0.3425844371575857,0.05978680038672069,-0.030642823557030675,-0.046247800863788144,0.2873436195289224,-0.1178568462643369,0.11667614569656233,-0.4434626000357078,-0.30897996918791676,0.38766432016588825,-0.561525687110029,0.308183119030389,0.0023338939514559944,-0.41329930351980065,-0.3285210140174106,1.0844618028317414,-0.3147206822254702,-0.367555988597834,-0.8012689862906992,-0.7733631792536346,0.418929259848143,0.1354022656359053
1500,-0.26125063429834694,-0.26566860859601177,-0.15081393263414747,0.68446293773492,0.9041985786282727,-0.33166908949949225,-0.11420125892182759,-2.3601079625665973,0.16651251102255785,-0.7749063520291761,0.14795316244718928,-0.470589194787457,-0.059337519024643494,0.3481187527820762,0.24657964969231466,0.12037082801675561,0.46321566608289344,0.24746182941198583,0.04266962026987382,-0.028450445455328714,0.48875330371331943,-0.22218300996184764,0.4713391435864941,0.5991408204497332,0.06395292033448638,-0.4856363275117976,-0.011557054470308963,0.07139650566622882,0.0024137799792548716,0.039774388991120624
1526,-0.21242726400412423,-0.2633313935586609,-0.14541942477855108,0.5715582941929932,-0.10594629983710711,-0.26065078155608795,0.09727399906319002,-0.22897409691954318,0.2550648489017727,0.8160352801880393,0.016812676426847997,-0.3629954022692837,0.13461007910254275,-0.08219170275166146,-0.04087159077237251,-0.17305536908709906,0.532860538398233,-0.0014123733821376748,-0.6259093950972487,0.3233567297169698,0.1295442060613815,-0.7081939256424096,-0.08957207056033423,0.6961474249597773,-0.22416454608401187,-0.3562126043483071,-0.70646853719518,-0.3315078553714757,0.4634669754747197,0.2426713108254761
1530,-0.2491052857977827,-0.2655151509237277,-0.13230962842284028,1.550927315539968,-0.49049510954268816,-0.22851840621938144,-0.10247712090427699,0.11496287185590437,-0.13685212621094842,0.5088336123826949,-0.11218212116318027,-0.14855767752583593,-0.09124386119891995,0.05681442683803424,0.6595983173563232,0.05568933499086708,0.0953803694514452,0.12451209651717496,0.18677378497926408,-0.5827519610314985,0.8677768868922852,0.461925092130253,-0.6947828102744372,-0.018008093699678894,-0.6852937202115755,-0.10155935766807735,0.21093374264030545,0.31650618489863686,-0.2724985421137484,0.33081173916746254
1560,-0.24341884293659882,-0.2609881300533732,-0.1523319324426573,1.2465475494324278,-0.13472575942066897,-0.2292481248610631,0.2814371863880807,0.136969745992151,-1.1844825862867503,0.17138426485233688,0.018610670251210826,-0.35428020434465357,-0.04395103016516697,0.11387755918656298,0.39699509142118916,-0.022595088194330072,1.3294504580870872,0.35409749359831566,-0.7423493847522905,-0.33788142167095475,0.6422038549821435,-0.5039804393384513,0.24197380165997717,0.008961672193572936,-0.279393032302778,-0.29397804138872574,0.38033059270042996,0.2900736804219643,0.18168080847150817,0.5031498395305185
1529,-0.24904944511502153,-0.2655120264921385,-0.1323146630669396,1.5463038318679372,-0.4573914847782726,-0.23076122835180063,-0.09289359406400445,0.05042289215305102,-0.26001512964339824,0.5364834265292632,-0.09895950127972197,-0.16372845092069277,-0.09757572044333615,0.07626952356897168,0.677726963980099,0.14632754769062262,0.6389553334331481,0.040140744077966126,0.027836444628602026,-0.702445471298602,1.3056213454843781,0.6103490130320728,-0.5455710698627266,-0.5689863046477193,-0.7211114775971056,0.02267830349875477,0.5224888757082908,0.7427087695122392,-0.4508562657456194,0.27349406102732043
1520,-0.26167874619951637,-0.25477585895561383,-0.13089719085646637,0.08892241423007073,0.5406859265443354,-0.25643142047193296,0.2625554565482008,0.8080222661653327,-0.7213421588707292,-0.25111681844337674,0.04621003635290264,0.005217941272299873,0.3950658420585698,-0.1792581602252846,-0.19830886110960586,-0.17168541086417968,-0.6694721008910813,0.38448589620737433,-0.5690428997592726,0.24951898582566012,0.07456277829016393,-0.44489295473177914,-0.2353661087209201,0.4315655281498039,-0.1902305703479215,0.054168787152854725,-0.5943311102769968,-0.21696762958960308,0.06273617601405736,0.22611730563506427
1538,-0.18174280882683633,-0.26174604495000897,-0.13838308742132024,1.7807919577830356,-0.33603146514318194,-0.26462231197553576,0.004753807675238947,0.5019341476528554,0.5050979483081375,0.37989168261186657,-0.13511435731119464,-0.3689394326991568,-0.22182257071460762,-0.020405499221199653,0.5872588642503728,-0.4894451552380565,-0.8785995216053321,-0.07318063060968884,0.09472280455372402,0.5568599668850077,1.038543830508348,-0.6741854494195431,-1.6814400742801032,-1.6359436453026837,8.942194381648505,-1.1021969950682871E-8,1.1123691479856906E-7,-5.0673731737459996E-8,-1.1800180598234186E-7,-1.9525992112079393E-7
1106,-0.26143676990755116,1.846111256838391,0.008523391112103727,-1.2619692391611737,0.6978471592984542,-0.38904023812641103,-0.43674462261416425,0.008024404501454927,-0.5984250581898425,0.2929279606036569,0.1479424609833334,0.3171132530173473,0.5407390174583333,-0.33203893386544847,-0.3129526766545362,-0.10467986395973915,1.245057835367405,-0.0010616801806335658,-1.3923411740158653,-0.15552875126514018,-0.08030883590051965,0.25489988101935873,0.7029532417412223,0.7609310330616949,0.7148567641047519,0.5714104320751637,0.576972218505647,-0.06054123626528648,-0.7296200940260785,-0.30971468978141736
1482,-0.26004075283852074,-0.26454870018153204,0.11386675157750528,-2.1473267159837914,0.7360274856397259,-0.337611482057696,-0.8973094087535972,-1.7135923637636188,0.7202038667319428,2.230674286337713,0.14116757813865366,0.4202965912977069,0.72231463466604,-0.43888872950978197,-0.03605241955641608,-0.40007040307259933,-0.7166562302922781,-0.2739990225427692,0.22969503996378504,0.07352138948454334,-0.4511432603981937,1.076955471424815,0.4748786161251769,2.0546694507183467,0.8205664713786971,0.3216287311855797,-0.7797454576259142,-0.39900939419963743,-0.42163354513985524,0.25401831668778296
1525,-0.21242726400412415,-0.2635944466578396,-0.1454258340552563,0.5715692817653487,-0.5826144142156484,-0.2130742978730221,0.16729173398897984,-1.3283612567617962,1.2282127112475196,-2.3076729156760782,-0.04175116412864534,-0.4262013027333105,-0.11467153015584708,0.037373616988878984,-0.31653588396939025,-0.01780372692483017,0.5250775906954877,-0.1978303363255613,-0.5768296062428023,0.5633017270086871,-0.13530296589992197,-0.9853360992018639,-0.5307096841632303,0.14117668807797817,-0.27652096773090307,-0.25253398149934675,-0.5603316642945533,-0.295059576271902,0.34457721160314103,0.13201070842860219
1557,-0.22433063621272342,-0.26320825892821337,-0.15413305757609022,0.6842880756953356,-1.0232332082390425,-0.20038807284401466,-0.39859644526930155,-0.5037514030688794,0.7825416920061885,0.8186706896532358,-0.14955828535905763,-0.031346562214188446,-0.03864898035218561,-0.1203840066263009,0.21472607089176063,0.30108571006734947,-0.4710212785698136,0.04943987046875273,1.0157750426151404,-0.36081049386501896,-0.5826982092792377,0.4214660689564405,0.5242926982668059,-0.20943380705943407,-0.23330231513580207,-0.5701746332364733,1.7791879188741997,2.0587659655098953,0.06425225743432621,0.44014555759566765
1472,-0.2560574508015539,-0.26024850102423613,0.18224950991780386,-1.8865823181666432,-0.5041010260088781,-0.11040276012352347,0.020558579555181627,0.0913200225689433,-0.6116094149063345,0.26009621661477733,0.04930399954607924,0.48737063319749363,0.7515159426542356,-0.554338906437788,-0.20503473529106134,-0.23466696634712408,-1.4872181479922755,-0.07366816256218885,-0.09302176754289519,0.11784604130923207,-0.3027800979476474,0.5131777865900738,-0.1014721892878586,0.7725080400758247,0.33307296921157103,0.6819403304281879,-0.4360197158536821,0.09551850148707776,-0.1477937924079245,0.2367402443847837
40474,-0.23714607290642226,-0.26182089118449536,-0.13331417468533466,0.752420862181876,-0.4768865937551416,0.017775105787071817,0.7195082147355416,0.43380396079727807,0.40081594242194984,0.20815511450719926,-0.06071813434350479,-0.4009059567049952,0.19007894557745048,-0.09965412807550436,-0.21946150998202898,0.04996671118719384,-0.07333337851929837,-8.330163022282608E-5,0.3041830182813358,0.6157111410803263,0.8035847417765757,1.5699642158698774,-0.8436623515419378,-1.8382706425477935,-0.863148270738293,0.38270533999327433,-0.2978211867204994,0.6168655493677618,-0.19511787299254224,0.32739726191454377
40475,-0.23714607290642226,-0.26182089118449536,-0.13331417468533466,0.752420862181876,-0.4768865937551416,0.017775105787071817,0.7195082147355416,0.43380396079727807,0.40081594242194984,0.20815511450719926,-0.06071813434350479,-0.4009059567049952,0.19007894557745048,-0.09965412807550436,-0.21946150998202898,0.04996671118719384,-0.07333337851929837,-8.330163022282608E-5,0.3041830182813358,0.6157111410803263,0.8035847417765757,1.5699642158698774,-0.8436623515419378,-1.8382706425477935,-0.863148270738293,0.38270533999327433,-0.2978211867204994,0.6168655493677618,-0.19511787299254224,0.32739726191454377
1516,-0.2623860615144918,-0.25481543508907645,-0.14063949762603487,0.37524792997474815,0.8030527345039612,-0.3081644151014104,-0.05679295930376112,0.9461783508899759,-0.6138348966257776,-0.25688213057041953,-0.010528634363914357,0.198432114311523,0.2996927957836904,-0.15791533285222498,0.1284623103002182,-0.35017855952822086,0.01814407774555544,0.4341239966325483,-0.8855284989407188,-0.038490091561933996,0.28344357387089314,-0.38643771749883277,-0.017646729325391367,0.6565674714342399,-0.12742951985910628,0.03473103330112089,-0.30861442829207064,-0.26092299694477533,0.03490607506900435,0.3270067680878359
1477,-0.13374774199357156,-0.24248825075087302,-0.13250050066409713,-0.18120850174907302,3.025330362859145,1.2320733868945473,0.5044859584878381,0.29325748745199176,-0.05968640325128771,0.3346735020248923,-0.4101262976492991,0.9851812359890534,-0.6534990529193925,0.1434464473140223,1.5588449353600353,-0.7322541319707514,-0.4463928788304244,0.23509999644455823,-1.2426421197729431,-1.0574123030097422,-1.4869023132617718,0.4279456363979011,-0.24919101186805906,-0.21184715665965356,0.06866784873409412,-0.5451149843831276,0.888962426637848,0.210417767354782,1.8904298679105584,0.6098980892300245
40498,-0.21762044750091739,-0.26270127984932706,-0.11551053362436632,0.46010375004895426,-0.4126900350731622,-0.24656931149816744,-0.2631697206560541,0.9362016679116891,0.5364469486348566,-0.025049476818955748,-0.16805373835103607,0.20465444273640607,0.1258580489148157,-0.3243052651782973,0.11925812617364073,0.037194185058070664,-0.5216537101984118,0.1588345443740173,0.5141618561279367,0.04939923822388691,-0.6057226875342918,0.027013838140411476,1.5009768257101594,-0.9070113067893841,-0.18793214094773705,-0.2675795461152236,1.5083832023932249,-3.77165886925116,-0.5417456903905318,3.7745942618364206
42396,0.7419272315068905,-0.1936234825965121,9.535787138737646,0.8934940577680833,0.11167421709279252,0.05515966538432796,0.0306879553684112,-0.12243797686551904,-0.035111955635240215,-0.07836434493394563,-0.009069385465080015,0.10304347590952738,0.09705124710810652,-0.4184979265677953,-0.1424027157021181,-0.2865359899152985,0.10456600727056913,-0.3105285568298302,0.05083666081972631,-0.1479271131826345,-0.04710258762307954,0.01896925747773398,0.16324480619633175,-0.0338541563353339,-0.06656446589840942,0.2094253228459516,0.026368631575612353,0.0028256601651714293,0.08930545401589723,-0.08732288412079292
41000,-0.21942596291019664,-0.2574097146042137,-0.15444067233867084,1.0380875095512245,-0.30624094387057577,-0.2590750178032631,-0.14965855733506328,0.07613807780067985,-2.718689684306475,-0.12749281306108978,-0.004644395947989267,0.013095885530397942,-0.3023951997240496,0.1563662471449758,0.8656232784854544,0.05939669498646752,-0.27327913801020104,0.5052569936819907,-0.012699685949117894,-0.7939102319767783,0.6322988746269855,-0.47813284557501934,-0.27242785155419647,0.09672985201152783,-0.37257978447451023,0.103159264337726,0.07037895095635173,1.017221985566814,0.11092702733201922,1.8345269781221738
41168,0.5160795900791546,-0.21599321082846493,-0.21094199888800202,0.6561092971807568,-0.010824418488743177,-0.5541269241275111,0.16007557253481544,0.7997929029630175,0.3289210610175516,-0.032008098159621565,0.0028768063756144046,-1.8163476121461075,-0.6426106761878783,6.680774625682461,-1.9615245698003638,-2.8693260291353133,-0.4346958130319002,-2.0417911573216156,-0.06133553380067877,-1.9273080690090385,-0.46441770767208124,0.7904041134150129,1.7559763516353688,0.5001873520360397,0.17323360090085746,4.0911140775661305,-0.6484296483104383,0.01222160917722397,0.8970276622479236,-0.1879587962791689
1083,-0.26121340717650626,5.665391701539865,0.0329169885216555,-0.45173499482370233,0.08475834438199976,-0.5096039725439248,-0.8626627428732787,0.08716785842496225,0.28873785713649597,-0.016114638841726793,0.09834117235950654,0.17716128409296833,0.21915385653422537,-0.24063606174582466,-0.26260114263726214,-0.006762934714775268,0.14392179950636058,-0.11062555828728807,-0.714836512789935,0.26551600158246386,-0.4406312540718183,0.833835702774219,-0.11129549802734132,0.007742497565267547,0.23774670510920254,0.542211328086332,0.24791589859097662,-0.08364100744337828,-0.28576400977219796,-0.17159107190585576
41165,-0.17013725359296386,0.6854998934763831,-0.06733527742210046,-0.901823058097886,-0.45751198383487185,-0.32656632425519505,-0.8748446646203687,1.4669312105128205,1.2750136625227753,-0.31333060113701705,-0.23542374778117442,0.7273250602160681,0.24374285315202734,-0.7424413896373444,-0.29237359573882676,-0.8589625366009088,0.4876661494689238,-0.2775965102314256,2.6683729809092416,0.7880139649748905,2.13660367779198,-5.1287842566083945,2.053655203772587,-0.10240345402607975,-0.3790374715709959,-0.07386604987926607,-3.569536331457814,0.13224281323883416,2.489132504314806,-0.8137262292315359
40685,0.2765882084967603,-0.23531207190727751,-0.16007522139475555,1.2762476597782357,0.8788088276180263,2.58596266107854,-2.271796798469822,-0.3757464260646447,-0.7804807062337468,0.8652365728949307,-1.65295583679811,3.1557469102456324,-3.7004078056732634,0.6147801159504088,-6.50228833247394,1.7141024825014535,0.0188829836581352,1.7530329629095722,-0.09749295011477203,0.867980619693346,0.05698906173790222,-0.19973199698568084,-0.6278662195649519,0.04400046597591442,0.13779403677540353,-0.38274210360175587,-0.03103498915126224,0.015671664664469582,-0.19375554379661103,0.19881064772027113
41169,0.34355980068837877,-0.2291973590620749,0.7459095859246773,-2.6062506333066886,-0.5427307472867848,-0.4114992071765102,-1.1185852393488125,1.1358462745583053,1.1126066243343746,0.3100083119777252,-0.17493248318180754,0.22230687325182727,0.3398347689751427,5.407440755988804,2.853883983865109,4.282107710494929,0.8388894007844239,4.128154933795084,0.02443063561465569,2.2194695416865415,-0.05821050094890034,-0.6645763367336825,-1.277029411512529,-0.15524227386043185,-0.011444856638263994,-0.47969444295001806,0.17026608906301616,0.07044564052125973,-0.18225215759269164,0.10766640531952021
1087,-0.26057123932475224,6.917560384593611,0.024142931518714147,1.1970048470880659,-0.07744429879643046,-0.5245290887844132,-0.37876276133405007,-0.4507779094472555,-0.4340956436217983,0.015284998143804926,0.20045188764849786,-0.5716191474680763,-0.16874263589781582,0.2286495860524699,0.18690465364882408,0.4248596248587865,-0.8849097024691513,0.09484296188886555,0.10960780481539376,0.32390863872710945,-0.22650161512679554,0.17562376283988929,-0.23051088550442791,0.049333075200218256,-0.23603899879117313,-0.25169413328752366,-0.07391875979531014,-0.06754800331996942,0.6054194473856583,0.3998995008992825
41164,-0.1865451075443005,-0.15718808604397616,-0.11578385340542925,-0.32180931690932174,-0.5439931485029116,0.41696086538796495,1.9535207314136378,0.49100826175036755,-2.0859764208656695,-0.912539901510356,0.11533894877162226,-0.5412570035655825,0.28818748402147953,-3.9470134625855E-4,-0.7650977258266743,0.5656073267532014,2.819106625987672,0.21177833746791094,6.045980895868221,-0.44132743620625187,-1.782884839645424,2.709860455035092,-0.7485924962096773,-0.030239751878438397,0.6381400920479335,-0.5466739238555245,-0.48075462917655143,-1.7610873498464077,1.613764458510104,-0.27899484054589063
40672,0.6764819513107458,-0.20004737396037914,-0.1860098525179711,0.14516335702994185,-0.19930773214577716,2.0584118083378873,0.17878486287244907,0.3059845786158745,-2.018429316795225,-0.7183651959924822,-1.0065199480140108,0.630370109692373,-3.9119372965744668,-0.024255966964910045,3.399911728990606,-0.16656073077395298,0.2757808257494593,-3.251218686348146,-0.5851418228825163,5.418821400036176,0.13898006316788547,1.977000657309765,1.4606267527202892,0.8476906653154171,-0.04067572321557076,0.6410018182958013,-1.529734142027827,0.011723268351467758,-0.2096952401291432,-1.3958726167062492
41989,0.21924913408145272,0.1438273372454549,0.20742924409268812,-2.1914929347098306,-0.5655641812167536,-0.4492421108408986,-0.8879655555231108,0.8516232994734303,-0.9005524354648604,-0.30777329234163014,-0.05651147561334353,0.15266445705703663,-0.039811295928965464,2.735745760145159,-0.9077967453618343,-2.284846724566206,-0.7554289021449107,-3.5981883027067263,0.05476564966845627,-0.328852593232099,1.028868702831398,-0.3067737549900239,-1.0979747629877412,-0.6708342337828076,-0.2906050813805904,-7.1392599304391275,0.9338772106404878,-0.15594047767272015,-1.4381343433933635,0.19767035942671463
41991,2.2581134498394166,-0.022507499557140542,0.07560766423215515,-2.61034923003309,-0.03873782240247937,-1.3041965962905446,-0.06341644404042586,1.1703392045969254,0.8488814690033306,-0.2934047211752762,0.2474823327064775,-5.059939485125186,-5.677571701093566,-2.0512688144419644,-0.13187863658459764,-0.5521655439562617,-0.3670981020853199,2.721949636078691,-0.38932771487619744,-2.0567229359674695,0.98723716487619,0.8459548947854526,0.3609968953320708,0.11845408083159682,0.09937422623624968,-0.8005766049194439,-0.5273356256297669,-0.10896923746463846,-0.0453639989414396,-0.0626611910995436
42140,-0.17081664856655843,0.14252028285393914,-0.08050276970512985,-0.7870588048398068,3.9960595183209335,-0.6112395273205324,0.032470904091160525,2.270163837543762,0.7104043786130365,-0.9004481071928411,0.18609419606478034,0.12365979473788384,0.7166897107896875,-0.536344169753986,-0.5231952360069877,-0.7132369622466725,2.17066269861641,-0.22884247019099926,3.189110028474051,0.8472063620164139,0.6735458860870179,0.594268868374449,-1.2503071554065406,2.8251522918882315,0.4412814743916443,0.4063729702016448,-0.35208239627875376,2.8832087865358154,-2.252813243325575,2.2939291504042947
41972,-0.17810385766689696,-0.23300117489722985,-0.1085975350881299,0.2626366397163392,3.6977619177323398,-0.5616031231058844,0.3741974218498639,-1.5481092872148634,-0.732374348830293,2.2896680197545503,0.5198980473162648,-1.081307628826429,0.3353962567946218,0.2913100026189376,0.17541815635163258,0.16620889451661044,-0.2815076411843355,0.14023550207583432,1.103425951066467,0.5654576088967237,0.3111343160663186,-1.2356283035842925,1.2200809988132961,-2.2971945995681895,-0.4456942483118381,-0.3127671609946969,-0.6022116746678938,-2.062493525806385,-2.4762861963281346,-3.201387890474644
40985,0.16286865805354553,-0.23851833964844996,-0.022266231299948317,-1.643712020296209,-0.8222880349413442,-0.3645925149104788,-0.11869544444083735,-1.4890299012773622,0.23161356374824707,2.1542438451142716,0.17746534707444267,-0.9918346885288466,-0.4239491780585533,-0.5405876385578873,-0.5221856500378871,-0.04738518100288341,3.96766082016502,-2.1642626445019313,-1.8556197395384977,0.9327694118991973,-2.370563099497032,-1.2059817378339508,-1.8475974130437451,-2.247950120662447,-0.10884918137480785,0.4286553956839801,-1.123414314237566,0.9527593448871131,1.9834163206966247,3.4995760635399478
41671,-0.07706944899093764,-0.25365334659311706,-0.1477660489335016,0.540311367700224,-0.09875459783457037,-0.3066992277850403,0.2869782943992755,0.9544608317373536,1.249885524490245,0.06031269990190177,-0.06067552642668778,-0.578170621889334,-0.057284479592329594,-0.377820363033163,-0.37802070969503976,0.8305085942287511,-0.8244840685790438,-0.33349371920613025,0.7492454702256379,1.9153130968152599,-0.6324819711165628,-0.3463447160286068,4.445497675454943,-0.6844153677783885,0.22111449488079424,0.251602147568125,2.278761525052129,-2.560205012488485,-2.3136107307675418,3.1016031948414984
