name,mf0,mf1,mf2,mf3,mf4,mf5,mf6,mf7,mf8,mf9,mf10,mf11,mf12,mf13,mf14,mf15,mf16,mf17,mf18,mf19,mf20,mf21,mf22,mf23,mf24,mf25,mf26,mf27,mf28,mf29
abalone,-0.2018056458689724,-0.46517317485892756,-0.26502330577507227,-0.2561160720025694,-1.0667666331166914,0.03857025346843028,-0.23554953755456173,-0.6670608199952255,0.8994430207922564,0.8504766269295277,0.2558602541181769,0.15389402347713235,0.7679089357269022,0.05415855641871125,0.8942891858321494,0.7811531875983974,-0.6061900044371402,1.1726936328700157,0.80056632094128,-0.661100076770276,-0.007172536375957872,0.16034545511048306,0.281946520407124,-0.4106069630778163,-0.2160519813130049,-0.7974442055926507,2.4957135471802934,1.4008844046754163,0.018810090937691336,1.4061181680875205
artificial-characters,-0.14957559053473946,-0.47565205551012946,0.298314273659744,-1.9433540793560056,0.7294624029207222,-0.38111043349385043,0.01557410914041924,1.7645896610514082,0.17113787903878186,-0.4474339337559683,-0.17182386833554095,0.3683230619109609,1.4428301083504251,-0.9787900919916281,-0.2981166945598068,5.5605039403540575,-0.3683867927268365,-2.8267263064178354,0.1428102695347223,2.4466842415509302,2.2256226295302066,-0.10929122244842045,0.3090313334469341,0.2036563255042592,0.23899805815728958,-2.728176211416677,-0.8608994675848575,-0.15438292284273825,0.7652666395034387,-0.12520339061081387
balance-scale,-0.2325159846452007,-0.49214585798699145,-0.3405330398220674,0.44598270285492025,-0.3994065551590494,-0.0739539044918699,-0.4691520808206789,-0.05059897754138988,1.1438633356658832,-1.1767091825786593,0.3450029229906768,0.17721591619964697,0.8489097918349274,-0.4736006261196121,0.6799286383195512,-0.4261235481459786,-0.06357143782720102,-0.05173810810834663,0.16253141471268567,-0.35953498591814814,0.4175261591416487,-0.03964287031560619,-0.4529703951328618,-0.310200690586851,-0.761561643133327,0.3770431182317389,-0.09096555125581463,0.31758591270794956,0.08195734262437432,0.3915860448719144
breast-tissue,-0.23700322164544355,-0.47100710951217245,-0.18070107592351659,-0.5052297880793019,-0.29694100506293497,-0.11421435825913233,-0.40162499755726677,0.7423245686172395,0.3257842510891867,-0.36567714749949226,0.42756804106689855,-0.015269101415127773,1.3986311803207958,-0.31064212758464227,0.7268803755542083,-0.5501970881364654,0.14591075428615,0.6973944733808006,-0.3592411967268472,-0.13795513102060367,0.9263248247283516,0.44779501616628736,-0.5158143591921422,0.3222758018018111,-0.15760905926125984,0.7121704837932888,-0.43360735600374617,0.29295457817075815,-0.1572778056411436,0.0737843168805501
car,-0.22297952527859602,-0.41917085170226887,-0.18750972216823603,0.37040789365102245,-0.9994808106943953,0.024029614781935736,-0.31199894159193675,0.5208568214742918,0.472757523371463,0.22543035548364976,0.3802553640811115,0.0541380762680267,0.9994853125000511,-0.4274476254751379,0.726083323737029,-0.5764537815117384,-0.36310669948811203,0.4007369858433383,0.2982014259688745,-0.43618933122551123,0.16367676563751168,1.7849358630060612,-0.7759635467617495,0.7332779284281092,-0.3199825995932259,0.4776760893468528,-0.5848159038693891,-0.5379435934728842,0.8004430139413367,-1.0293040534277544
cardiotocography,-0.2195384456522056,-0.35927013752044973,-0.27527104847503087,0.6183347214771012,-0.08038695013230064,-0.1324334267967326,0.14494128088441044,-0.09012101478116635,-1.2477818292537468,0.06135525871810781,-0.24383961073177093,-0.8798896463070913,-1.94126534313875,0.7217298544276235,-0.7869378938426506,0.25187598316129267,1.9246775130934357,-1.2090347185510806,-0.7349748728169544,0.30844089964987026,-0.2184060868826124,-0.6612271968448411,1.5250800433843539,-0.06475960893771648,0.395662648787638,0.013333278094174911,0.6564724935563909,0.10772134716463608,0.08614137662194574,0.08528833379050305
cmc,-0.2251842370995246,-0.41926895871682324,-0.3491274751754418,0.4894667520053585,-0.8315254181969618,0.0016819934615022434,-0.04298665003794775,0.6046246841368432,1.1629495580738898,0.30710665317803293,0.18176469437145015,-0.6135865877665523,-1.517385284685788,0.5529259136502449,-0.3205077879562532,-0.049734285729888035,0.10543337606825325,-0.544269628898733,0.3157136885999138,0.8224395655512585,-1.163598238216399,0.0019135844514266505,-0.5798713350824024,-0.19697064795739685,-0.4353193494803046,-1.680772437774115,1.9393580815768259,0.446186896861644,-0.5171466167993585,0.6557100739139177
cnae-9,-0.2285820870823674,3.1440968335024766,-0.17447374208961416,-0.4297058523806588,-0.5212646095578175,0.33955767755510846,1.3827104099906184,0.35626357236116885,0.9827798820817916,-0.18943380427214895,0.175254651181824,-0.11032081639953296,1.3862921607267742,0.21814536468211312,-0.08427208757546852,0.47147574448588886,3.12861864667111,0.838099152892198,-1.9684656359695274,-0.26982288628380346,-0.34286942769087253,0.6365360978891668,1.2364825063971756,1.471543533210607,1.7766357104150634,0.46348197251284984,1.3763666318945744,-0.7714431994955394,-1.6413349116087588,-1.2380640836916434
collins,-0.2292737613791293,3.9122493585911378,1.4400217382598435,-0.22276253303223761,-0.5341029998528466,0.883024946595954,1.9637876597575996,0.3054477064919216,0.8097377701402366,-0.6862813916794792,0.9920189203518903,-0.7433766791465845,1.0825885688556245,-0.46022337891363646,-0.22216556492478917,-0.8602802875988736,-1.508915343491618,-2.163232029965541,-1.3867882569679901,-0.43686060636172713,-0.23536987887100264,0.5089207588531508,0.729950476723949,0.21694838690549492,-0.20436474900826812,1.0559213347199548,0.2939858614979989,0.9302818381204798,-0.1876755369019846,1.6526423224534437
covertype,4.785468641289155,-0.05546734868305145,-0.3802835919213163,-0.2988548545981032,0.10629664768526026,5.391961136825439,-1.8008119525515587,0.1068640951357488,0.3020938704754727,-0.21642519047913894,-3.4492178394482194,-2.4488811757949747,0.6095198097974136,-0.3596955956897566,0.058596445007000286,-6.280270933708761E-4,-4.226052553133358E-4,-9.733519102627362E-4,9.043714046679866E-5,-1.5124180831292163E-4,-1.221799893062765E-4,4.2757909740444114E-5,3.0394825471508E-4,1.0253828874461375E-5,-1.2041739598403558E-5,2.140678656300961E-5,2.9159881384097125E-5,-5.625695406692289E-6,2.735425289216633E-5,-1.9528129215018453E-5
desharnais,-0.23721936986318162,-0.4582136727842678,-0.26299243529754845,0.05495975900963621,0.8122714415545799,-0.3203643096415959,-0.08061375884325758,0.9219611955148109,0.18034806159860675,-0.1221911950983661,-0.09859926429657637,-0.024852600193596558,1.1995386910433894,-0.594780985312478,0.17547144417156268,-0.703561187688908,-0.6175667582521803,0.8064505584345502,-0.12413524727447313,0.20920234108872945,0.1384389730079718,-0.2801476270670315,-1.2763171145869718,0.9098828460504033,-0.27367581384519585,0.29732278216428765,-0.43561885518099647,0.11303038219646122,0.3595214018393095,0.16800389199443977
diggle_table_a2,-0.23523945218870068,-0.44105482875431085,-0.34593733747277966,0.4645868643403662,-1.3524216098773094,0.1111810744820847,-0.1432087166170458,-1.0355756316590277,-0.26586874238029967,1.250175203710104,0.23034952568559544,-0.09008268153243586,0.7615733662891483,0.2179872304865053,0.9965034891126978,0.2609299085941872,-1.2965402775399186,0.7467522385969133,0.49174708884355256,-0.005457811222509997,0.038991834819900546,-1.7663244081724239,-0.6638486142253498,1.1290387768081962,-0.2214006393875157,-0.2728269152696059,-0.7321847176870214,-0.22359993100614767,0.6631238810514689,0.04749468128372847
ecoli,-0.2350924714006388,-0.47945745347466856,-0.09902120864420356,-0.6801211007577087,-1.008442671629631,0.058353069291632004,0.03899053943560529,-2.139262997692935,-0.43390581750885054,2.20312582483788,0.10155292709167549,-0.4730827118668122,0.11245452736475839,0.9795226665650055,0.7980283921332887,0.9860644820380122,0.13815423990239245,0.5937377351028984,0.22218001480411795,0.4560192476456742,0.7201252985897487,0.21159034681665656,0.5352212362050045,0.5976183666335817,0.5281258613996604,0.19941765916758963,-0.3518979456346315,0.24846490330003512,-0.4311854169175717,0.13970389763835556
energy-efficiency,-0.23127961683973883,-0.31284807023485434,2.471194960211837,-1.296453988496372,-0.5038134990044846,0.11284592051411087,1.267242879349956,0.14412981969572247,-1.2644172391172337,0.06881431309369501,0.09907835130601508,-0.8749765559010179,0.7474258916874752,-1.6266271232016267,-1.4303869220239998,-2.420946295972916,-1.9249189953498662,-2.6880517017565206,1.0526571136128937,-0.9502471341740956,-0.12737508331036193,-0.3097972228680704,1.3453460381478546,0.12707730122303604,-0.7720145812112055,-0.5768572838245595,-0.2342470796492562,-0.09073705304376772,0.4136209036008652,-2.295566119807523
eye_movements,-0.14336781372130142,-0.3900221165180495,-0.2779032881285379,-0.20624262174284472,0.04229033889566873,-0.20252890500593437,0.378272188059649,1.083077351666546,0.9320796235726022,0.023440442116628258,-0.4717725898910711,0.04453009319430865,-1.0386549314112419,-0.15728901151333385,-0.9257878891561773,0.17805861798272843,-1.0626368019029921,2.4067729924774013,0.6404549033399859,-0.4598468303655887,-2.041361882078443,0.5507876859240499,3.726097583277383,0.20935125206806032,0.885671410250443,-1.9792470532712627,-3.082357683669964,4.406929074378983,-1.0230380619295545,-0.15284184507659226
fabert,-0.166703175308306,2.9078600092078917,-0.3151794617711893,-0.07668489312417959,-0.4864627846157024,-0.12231258234657152,0.16891718302424794,0.6642075226190017,-1.161887206968178,-0.966769903099268,-0.1784630995555765,0.10536440402886961,0.8604398638952919,-0.15592737242850205,-0.35779986325370633,0.22786200551698374,3.16475602625361,0.39051425137268553,6.7636477609663395,-0.3654627480146005,-0.7011317824360294,-0.8159030161444767,-1.0308992993638297,0.5557299947176633,0.4491416681629517,-0.12744537053215052,-0.46750660327524207,0.2532172958824621,0.554089939225424,0.5508261775680463
fars,0.6350424398545401,-0.013968998241648815,0.023777816418082777,-0.49727714613124563,-0.24890214808469635,2.59437091445835,1.5332175606298735,0.2227077471348373,-1.8282756105074067,-0.553657117814627,0.910215224628712,4.739410500298246,-1.7361314543758082,-1.7659237779922254,3.574953097747943,-1.0078016726931502,0.03444782420262494,-0.3251186164596214,0.018797685725992268,3.698915256932067,-1.1872219249294003,-0.031632274354323316,0.14402087599596747,0.21843295815382283,-0.2936829434694298,0.2417459865374323,0.42938295627494877,0.415257885720082,-0.6231324918783088,-0.42197183762194745
fashion-mnist,0.36729531957800887,2.863339337265533,-0.10974420710072014,-0.7005378270540008,-0.002273386172578947,-0.9329451579916852,-3.115612890204576,0.2733323960518299,1.0546610490174326,0.6156064467425838,-1.0974574164587536,2.1461318284112965,-4.062322214398848,-0.9892679653230263,-0.7085647976331795,-1.0137590723657626,-1.1086930232664454,0.12061971465448856,0.0844863857896189,-1.2802969553120809,4.272545855236471,-0.44860514469812257,-0.13347505575445773,2.3916089567880348,-0.17582907408924825,-0.4724055690325136,0.15490987632038744,0.08881581608091384,-0.45575132415012826,-0.34535151576898926
gas-drift-different-concentrations,-0.11765482173917781,0.04642595271563455,-0.0852332778288671,-1.0952411713063825,2.905819079447649,1.2082843946387776,1.180265754998763,0.5548463332753517,0.12910262704343697,0.207276185009739,1.570085435914374,-0.3394139675393379,-0.9614832267478528,1.36722321442074,2.2088307062566255,0.29760988945289285,-0.02187574771171894,0.2527035122372114,0.05735060418765821,-2.432026575029973,0.15023357487883998,-0.38390083837642724,0.10462459401087731,0.1165631139376085,0.45297603530254654,-0.8546854526540729,-0.6387957051077375,-0.6011141340397508,0.2954209010112124,0.21027495644683647
gas-drift,-0.11765482173917781,0.04215826769474625,-0.08476388812156452,-1.0969419835846204,2.7058294176422217,1.265649845627301,1.1730029523263936,0.5123042274166553,0.189046025886904,0.25764214491656173,1.6547555171611443,-0.33642953814012505,-0.9504806582780626,1.4173289027891796,2.3163468226517083,0.3187544071849066,0.03009756992122638,0.19262823835073656,0.06431363029362511,-2.7251018278335515,0.6399928947160649,0.1492892453854369,0.1958184537543533,-0.2149765233230692,0.33257374597909206,-0.5455482550384223,-0.7359611338435563,-0.7034479611343571,-0.041869747710911925,0.32523606258983584
gina_prior2,-0.20793560932402472,2.8377422553348164,-0.061507696694686025,-0.6649008102193555,-0.44942988107869003,-0.23416560642088552,-1.947241498738414,0.0733089585270603,-0.220801361118817,0.23509786100888494,1.096137537275154,-0.732269862290663,0.16218545950660948,0.9159284421973747,1.2823980112505258,0.5514999998870057,-0.45571506145739454,-0.2069644237182262,-0.6008766977441322,0.45625358246566217,0.11962580613663695,-1.8670699009756209,0.4177007848263957,-4.150181872108358,-1.2859409348915067,1.5587565594711008,-0.29283238204047846,1.491653958165793,2.4081561900943775,-0.744001347069247
glass,-0.23606946134481496,-0.4709655583060082,-0.34258200835231467,0.5323402097022246,-0.5479078790862233,-0.023106861979727996,0.10006789378986433,0.5437675757684863,0.9829478470589508,0.27823788007071265,0.11091492756802367,-0.1965783925476011,0.12094643410722744,-0.09396392214492022,0.1281517545586489,-0.36736469854695397,0.6632970892793004,-0.09708355205508092,-0.2169961728510418,0.3051884045162165,0.2358398647027467,-1.140050225816205,0.1269932110048659,-0.3408813167620416,-0.5242573747082929,-0.20326366028355888,-0.6863875647591356,-0.1912516094447661,-0.23737416512069834,-0.9110297265030383
har,-0.14887527030926803,1.8886766094666119,-0.28539161239910166,-0.39998242668429795,1.2985357208337183,-1.048858396352848,-2.311904613704943,-0.842111499876897,-0.30042392902115056,1.225902993289499,-0.29773926752188606,-0.20683238185866307,-0.11860443487961127,0.23543405626832856,0.45279673833138595,0.41380328464383553,-0.7822896449556922,0.529466372344985,-0.7422367760634577,1.3238155983019582,-3.0319916811859824,2.8619700741158285,-1.2925825972967897,0.5171384361228242,0.4205531499677993,-1.1444172137571476,-0.48147221976101,-1.2060848785707978,2.9470393115999123,-0.10126858502232672
hayes-roth,-0.2367784274989959,-0.49233553154846327,-0.3401756088169846,0.49138939673748633,-0.355396176787613,-0.07789531792885246,-0.29940105033083086,0.46342212675865185,0.9966192525355525,0.42622221114242215,0.28004912200469134,0.13761127655679062,1.4084664859901623,-0.526835315758459,0.8863091898238459,-0.5339470278270377,1.1658025555643692,0.17735037992224728,-0.4452321696679465,-0.24744661021435946,0.7985809135880256,0.25426507224948114,0.475754216374683,0.6512925222068414,-0.12171271769702424,0.2879493764481904,-0.667060249595407,-0.21519588826464245,0.11139414677649748,-1.1463892919427412
heart-long-beach,-0.2361905043467483,-0.45390020448992074,-0.101745470341071,-0.8715155453792877,-0.29958398074552656,-0.10295808275706886,0.11204259152802395,1.3914525785408989,0.8664114091188946,-0.11905189420135795,0.2429527040182264,-0.9986379976107863,-1.748804466237425,0.8904813648463403,-0.8428621699685559,-0.07242882062696862,0.3044677689753523,-0.2929904387112373,-0.24768319255060783,1.1516906338426833,-0.9874069264969405,-0.01669271122005449,-1.1792330562573357,0.3697756667391696,0.1587385782733551,0.1445512240056437,0.5712705378409967,0.056470945420506555,-0.5546765452696291,0.9442996154836694
heart-switzerland,-0.23685624085738163,-0.4581975139818706,-0.1012202546958548,-0.6024578083453277,-0.35505497906082883,-0.0976763157829933,-0.052635590433051486,1.2292552713964557,0.6790688146600532,-0.11929530077951653,0.2997346853123484,-0.8490913272151946,-1.2653992812393187,0.6491862028826806,-0.5239424617986554,-0.2015920540641072,-0.043842658954419744,-0.24203999670097825,-0.1645808401928459,0.8106618089276376,-1.067897152284792,-1.3740333519817585,-0.907504359011465,0.3021640852652786,-0.05921133447083611,-0.05704312929631567,0.22506260387867782,-0.2975080906785726,-0.6081565439331412,0.24761981440197367
helena,0.32576027805745683,-0.3691464827544369,7.530185159941148,2.6056464966788933,0.17240600437662917,-0.17382349553553023,-0.7523609564631654,0.39194800450855705,0.19269235793287284,-0.6527897914649338,-0.46315808137991327,0.23023538513042827,-0.5086415158609264,1.0265571514459577,0.8139217819993874,1.2684933331587236,0.8535807160673401,1.9659824905794163,-0.18266540280218024,0.305478664099312,0.24678043327231813,-0.08636265985223346,-0.6139166078916461,-0.020710473865177763,0.02432210614071993,-0.043237616489655864,-0.05889732794068508,0.011362769146202564,-0.05525035787303017,0.03944314805150384
indian_pines,-0.15886131796876796,0.43295165027777877,0.037310297973073295,-0.12411174100164508,3.7019223306541162,-1.1620812414227384,-0.8634077084848569,-1.5208575413129126,-0.42666277613990483,1.8165125490315475,-1.2588620043590146,0.027369273245483293,0.44749553263300534,-0.6743830837724775,-0.2338522262655702,-0.1853098558646678,-0.37004631820276107,0.39021587864472873,1.2586863468867318,1.2383153016136894,-0.4589221296618866,-1.144923185744246,0.46182775767090034,-2.309160972901474,-1.0016180145322544,1.2552154513601497,0.8525596124461196,-0.7240887876189607,-3.821810111531974,-2.0144149531198225
iris,-0.2366228007822245,-0.4923286063474359,-0.34018865903623713,0.5515023654864336,-1.319845185032802,0.11402418459419444,-0.49005411527148707,-3.2541188225343394,0.7204376380151184,-1.4174886682492511,0.3108072163435074,-0.07697140236992195,-0.5647633273668701,0.5517106576442724,0.7782222733687337,0.5716336396022919,-0.6436400199676743,-0.5947445672159292,0.5668782841114723,-0.013444993970095917,-0.5523977284644498,-1.5942391359226784,0.11214355763818121,0.9182203976383877,-0.1116680229778145,0.06789706327965052,-0.028907339594740546,0.013166862597743651,0.9962708593358586,0.4180835013460289
jannis,0.4860298585458984,-0.24678718433243427,-0.26245420638715733,-0.14864877179181557,-0.04313666938461558,-0.5653921343441731,-0.036330304917434726,0.9448610461067048,0.1689233923441332,-0.1359624789979464,-2.836156944409964,3.8641106166985586,2.0949506832515326,6.1987145022427255,-0.590409328627884,-1.2144466589260445,-0.817212216998285,-1.8822179142139548,0.17488258034155704,-0.2924631455837622,-0.23626585988562587,0.08268301020155652,0.5877594778603472,0.019828065218495616,-0.0232858122287071,0.04139539231574214,0.05638789042320956,-0.01087863540811775,0.05289630581876236,-0.03776259017254091
japanesevowels,-0.15179759421308706,-0.44587713684524655,-0.35199565061406696,0.9443054649904726,-0.06329594291940079,-0.18266940967056164,-0.409863322875697,0.17687800960487965,-0.22784823228080575,0.1429667597126936,-0.18169002281536709,0.18760453140696629,-0.24273348984677504,-0.46438127057131573,0.18370836921694328,-0.4651064188729888,0.05246504783254738,-0.310639644633328,0.2418701480984443,-0.31336834279285325,0.026791506028351994,1.10469824564413,-0.44838314379040667,-1.5138740813502536,-1.099531385925739,0.6567667011883283,-1.9154679421023777,1.1475915444789813,-1.6944177809419116,2.6730562768835
jungle_chess_2pcs_endgame_panther_elephant,-0.19724924143905337,-0.2857276494848732,-0.28511975490100816,0.3388953525929836,-0.28149378135106623,-0.16578845673665119,-0.42503540395428174,-0.07412868759953908,-2.9938815237205967,-0.3206660616546837,-0.0619542975076449,-0.7883367429677142,-1.5191259160467612,0.733196894981774,-0.33221636012284367,0.3547705125592042,0.5219117709159977,-0.7191160983974861,-0.667279906118538,-0.16294174639133174,0.04366806315065525,0.03248241481663438,0.7367046730981321,-0.06595731656364677,0.30774249689957434,-0.1931249589011165,0.5132863274290834,0.39104673439722276,-0.20200207379732396,1.9216063510105368
jungle_chess_2pcs_raw_endgame_complete,0.1495821887434915,-0.466607580489463,-0.2926116919936889,0.03799525408385426,-0.4314560310683674,-0.29080393253853043,-0.29295180296137197,0.7057685439763024,0.36671582928240776,0.14813111185141306,-1.2411173419207793,2.3588447929609524,-0.21137493095937884,-2.090053068627444,-0.38840709370069776,3.944292918702376,-0.5364018407543617,-0.8841196760339121,-0.6715088414326831,-3.937467481940071,-2.9290728376298114,-0.6244425014702017,-1.093820317395666,-0.20138798949728587,-0.16021068308428335,2.9692225145825644,0.5915833928166601,0.6941247935028753,-0.8111447278097192,-0.5157016825328853
leaf,-0.234980074327415,-0.44531097177348683,1.919747137455064,-2.2909774184412806,0.5897498904939396,-0.2734031977882891,0.01575707316378798,-1.5562642000742228,0.36432284831060674,2.007708941613782,0.20484764419738394,-1.0158765808084962,0.32674986128306305,-0.33847653933242494,-0.28159657826719164,-1.0810359404810672,-1.0384762555598974,-1.836157929209867,1.0056710000513769,0.40692660104872846,-1.5278674691272651,-0.7661056658230491,0.6490693578434759,2.1678502988321844,0.48543519895533116,0.597932514811631,0.4438063053913249,0.5440127737321901,0.28231601607439677,0.41444851288573936
led-display-domain-7digit,-0.23359672573389118,-0.4793908945981278,0.3053599420317436,-1.9762289771198258,-0.14086623392797037,-0.1648594312667467,-0.029208138333785178,-1.0351503299517752,0.9317972133445143,-3.882969544684124,0.18388791608164573,0.03504035291347554,0.24582322587052513,-0.1950170747749451,-0.5081840994117364,-0.5454704433123905,-0.382666973425087,0.18848514711516212,-0.42429141666161174,-0.0708906072731834,0.06772862072649881,-0.03710815216878379,-1.2932237997591678,0.47165759787879713,0.16504990139141476,0.9729220316060919,0.7710610916056326,0.732776479415869,-0.4954420919031363,1.2343304630351426
mfeat-factors,-0.22062783266960556,0.413132374853141,-0.44104054951867633,1.5234988433605758,0.25230679847449583,-0.4163608461514372,-1.3867427893229194,0.1770147019543605,-0.13689735433160935,-0.05567190547554977,0.21734624782908946,-0.21267126062029554,0.26865442384959387,-0.3648941162722946,0.7399622497426165,-0.44514245835296706,0.3850974276136422,-1.0368820490880455,-0.5626472496639355,0.26168976919831993,-0.783604786854871,0.30766823075311206,0.6460440955896598,0.21803332199911038,-0.4469594664338723,-0.49321036423113074,-0.5996179939456305,-0.21881907427544417,0.1451205209176792,1.0786573665065387
mfeat-fourier,-0.22062783266960556,-0.18434352807122098,-0.3753259904963115,1.285385124407254,0.45143354551344594,-0.3061774456430055,-0.6295001301170148,0.19158636746018165,-0.5368315582065749,-0.08155892857099495,-0.03800668942635906,-0.11227947866855893,0.45845200782923323,-0.5066560571987654,0.4252839936655151,-0.5317421527893647,0.05774355329427341,-0.5048491326490122,-0.2250450636414869,-0.024330471881864782,-0.08026515549840407,-0.0969571600584196,0.26931171424489636,0.23552131286932562,-0.49945967442486366,-0.33976242553483504,-0.6539791005899985,-0.10232515585909419,0.569135275106298,0.42568053826341234
mfeat-karhunen,-0.22062783266960556,-0.2355557483218806,-0.36969331400868016,1.2649753770683976,-0.2610628755271327,-0.15277341345874898,-0.7723673257469358,0.41221416570150604,0.2513564562527982,-0.009234755695926427,0.29731454033278715,0.0033152231134585585,0.6914653950282613,-0.5436995796717911,0.8128720659201455,-0.6824006437452903,-0.07517410070432962,-0.4199804539618192,-0.024798409098636613,-0.2327209259424725,-0.17377492117365578,0.4967109645082029,0.04259851750064921,0.24848138210994836,-0.650847532898359,-0.12350512663715003,-1.4710165210980635,-0.35069301184085866,-0.23178655582385224,0.18272383672794845
mfeat-morphological,-0.22062783266960556,-0.48308147953340197,-0.342468710985129,1.1663282649305928,2.364265094035266,-0.6117649855952199,-0.10775444470546026,0.14636481336889667,-0.09327079583443952,-0.6650499213400742,-0.7197945312432397,0.07316493290763774,0.5403995818866144,-1.0237384889633259,-0.3328130827550189,-0.851149769848393,0.7008361395221911,-0.4004578848033304,-0.4355574307435792,0.17654998018441276,-0.2528790333343985,-0.4537573722438469,0.15272876248420947,0.7501902479460617,-0.24354191835196157,0.06100323806438394,-0.4656633667084215,0.006463955163322797,1.007734975283121,-0.1283935681018118
mfeat-pixel,-0.22062783266960556,0.5155568153544602,0.19490462195919314,-1.5937565474217446,-0.26907884714725927,-0.3938980448166603,-1.1952227456834048,0.24465701033616266,-0.15069410371689473,0.5256109111495494,0.49912482174092904,-0.500717168084545,0.6740468671242652,0.3339514705486735,0.5782972614681645,-0.12334929203066652,-0.7634377356126262,0.854640406036979,-0.473467186994267,0.3124429170583561,-1.3828909469655886,0.824760623671339,-0.7122135244497424,1.196713422271457,0.6541445086050355,-0.7869379044645367,-0.2974096354227122,-0.9160931861379304,-2.0459687576571284,0.20469009657510462
microaggregation2,-0.06500111589817822,-0.41640868821359706,-0.11938643946996096,-0.2942191116655139,-0.13923869219693852,-0.2055701825969698,0.549179211699414,1.0549831397393032,1.134884726041513,0.0506570411058036,-0.8091865223585558,0.8666232709348844,-0.2655797511192205,-1.0683284157103496,-0.9401142573649748,0.3538274711551252,-1.3389953352101267,2.4361336821766684,0.852635172798818,1.0640574393450761,0.1344935126183652,0.40805071358217043,4.139669788673065,-0.13679400866941607,0.42873476563608154,2.776757905145707,0.9229016153657883,-2.1857022457533355,2.840188214258077,1.0761657412769416
nursery,-0.1258857458706444,-0.3935118706235301,-0.1979985574939597,-0.31981540130162933,-1.2037108585269007,-0.010887364043379196,-0.2652380228505055,0.6613869778544303,-3.3713659495385087,-0.8620833801369487,-0.049370637965761306,-0.3942084574059024,-1.6622171690179184,0.541781856649101,-0.5874143909552737,0.255936919034413,-0.28830372328894166,0.5638554415620324,-0.4890074218599327,-1.4027853775914714,-1.611565806440139,0.4833580215198738,-0.20409878738771722,0.6785395271188429,0.789268026623636,0.43066342906670746,-0.8649524932511505,-1.9586028820185435,1.0457208888229133,-2.5294291434777945
page-blocks,-0.19060052226142962,-0.464674560384957,-0.34686423711789505,1.1615301479313025,1.7021955511927291,0.8695198127240059,2.8374316309017105,-0.46899019870694897,1.2839834158714114,0.6251706761565105,-0.19182661048977737,-0.17646748711899604,-1.280116125061506,0.4210768044438172,-0.1636164073260185,0.2056798903830217,-0.7387080361473798,-0.026724889595755547,0.8890824623892292,-0.9582077987357567,0.8037345639177602,-0.3464002845202744,-1.202922359208832,-0.2798833691233267,-0.7440228499795408,0.05602328769715043,0.5488187234960815,0.18957685664432478,2.263054257738087,-0.39203887374458457
pokerhand,6.931293041777143,-0.08374361885650022,-0.30390739185425486,0.2470695226035363,-0.1602557302013675,-4.138872362990433,1.4823898459956462,-0.2169203783456055,-0.09661662695750153,0.03483031074576275,2.5236086657966346,0.16309686489641734,-0.04308325553626854,0.02259288511951612,-0.022886637754318175,-0.0036454671844784467,1.3849429016946833E-4,0.010758975358255637,0.003560092998473869,0.00866326498207946,-6.06677325727663E-4,-0.004210509213570958,-0.008062526812669835,1.8601048400500628E-4,-0.001718982638150577,-4.634102558000249E-4,-0.001422595255713477,7.005187389208009E-4,0.0018563971640899214,-0.005664134850288605
popularkids,-0.2337869361655007,-0.4239194534611688,-0.2670353827917057,-0.07568461147829084,-0.6619998130612672,-0.04065044090922007,-0.0419323955452339,0.9639381694573975,1.0448094065209614,0.15035492127610267,0.25221117290935724,-0.6355287232617173,-1.0950902230835622,0.5245144630856811,-0.30692926610842053,-0.18990400930079232,0.3380213429544784,-0.26603231967060637,-0.07839682189787421,0.7314765688259135,-0.49773487362909535,-1.0296367423159059,-0.6097608410309038,-0.6172797696776336,-0.4869395898788703,0.19237956090947633,-0.14809850879808395,0.06624937850730282,-0.5898456636148594,0.04950846237652762
prnn_fglass,-0.23606946134481496,-0.4709655583060082,-0.34258200835231467,0.5323402097022246,-0.5479078790862235,-0.023106861979727552,0.10006789378989708,0.5437675757684763,0.9829478470589617,0.2782378800707269,0.11091492756800513,-0.19657839254760376,0.12094643410721323,-0.09396392214491844,0.1281517545586205,-0.3673646985469464,0.6632970892792844,-0.09708355205506493,-0.21699617285103381,0.3051884045162378,0.2358398647027396,-1.1400502258162228,0.1269932110048446,-0.3408813167620416,-0.5242573747082929,-0.2032636602835731,-0.6863875647591072,-0.1912516094447661,-0.23737416512069834,-0.9110297265030383
prnn_viruses,-0.23739228843737212,-0.21069563624055457,-0.2093012225208443,0.14793693072070951,-0.6712430309023042,-0.059940017693084754,0.1622195931760239,-0.39257322508208703,-2.000565761656503,0.09865691529445395,-0.11983068274786247,-0.548236348167176,-0.2311556405536766,0.4108838284195026,-0.17735221359524397,0.29200019320904913,0.6804234682130258,-0.004093116622784833,-0.7597738201336157,-0.06115990456151943,0.7916571020664641,-1.0722348370665324,1.1448266356387573,0.0846811736017904,0.3403399056795801,0.05117406065261166,0.30349562053002677,0.3080384875690651,-0.046678127053404156,-0.04745801877418643
rmftsa_sleepdata,-0.22906625909010075,-0.48772466434332984,-0.3412917093894676,0.4414808761604,-1.1795541059033021,0.08113422989401395,-0.16398368838632674,0.35108529795316656,0.707461897677807,0.41458979967536647,0.3504642696768686,-0.191116509399411,0.09946422995005118,0.0909116383907349,0.4866199688230976,-0.1901986020428051,0.7909380948539361,-0.13095469897289974,-0.393543117553837,-0.06764902372332224,0.13552456916182073,-0.7221427694740458,0.1630841794300488,0.5332569006654003,-0.11398177524651996,0.12659122785892166,-0.1726486730214297,-0.24314897457257678,0.2811349202829306,-0.8730445819682924
robot-failures-lp1,-0.23715884836221496,-0.1253315480212475,-0.21870859199577522,-0.496773963607976,0.7418134776194053,-0.38365689585851076,-0.2958065368085779,1.1872324209367677,-0.8922975400628714,-0.4831915048303094,-0.021456284541051862,-0.15229134571115757,1.318834958404537,-0.40951384804891994,0.12944916503187753,-0.5491832152740556,-0.07674764266549934,0.9521255637527932,-0.7788661094628934,0.1542426145295034,0.6265471806638475,0.09565644604959717,-0.7152854046530839,0.5709949299294268,0.09617284187028732,0.5278170110606663,-0.1948175387036053,0.47926366008142113,-0.16076145124613098,0.6701637783348957
robot-failures-lp5,-0.23650175778029117,-0.12530230828357639,-0.13786237736486656,-0.8408380220358034,0.44628596132544146,-0.2860995438498716,0.38251560338526214,1.063231102206134,-1.0290351082046942,-0.39161920050939975,-0.2949052893000366,-0.12784664691044492,1.1543320198056275,-0.33792613900080537,-0.393959596934182,-0.41171318552518793,-0.766469203002442,1.5040012497584025,-0.5392515570533042,0.2147054558155554,0.7442726573600753,0.0782450581219172,-1.4754241887504687,0.2678334251025136,-0.006948074711169856,0.3375980848730376,-0.0455394038446628,0.36779984997295617,-0.6094593096870752,0.4039600720587391
satimage,-0.1823263684864154,-0.35334655998723946,-0.03615694393812244,-1.1649469583356964,-0.18200004515409784,-0.20568908084708976,-0.33422733561006446,-2.179678816608214,1.011890590227735,-4.144955983139749,-0.06557668603258693,0.3474330288633905,-0.5355720849955002,-0.10084382572332652,-0.4149566691781687,-0.18471259925293088,-0.14365303226551604,0.41150120455993056,0.22880817168723466,-0.5297427691961386,-0.19418666131926007,0.679504463404137,0.58000725921367,-2.089344209705041,-0.4201569353282755,-2.1666162165373937,-1.3115695821858675,-1.7754671878868216,-0.8284579053426063,-2.0144848166621685
seeds,-0.23610404505965307,-0.4795024672813465,-0.2607390133323452,-0.2607115916096521,0.8576535505826923,-0.3367161550010913,-0.17652172139869043,-2.6845665284490488,0.5113754901990317,-1.3970329331789564,-0.3504562355557518,0.006046084195382307,0.03844679289763626,0.13236107488331025,0.11162351650265918,0.34898668923681664,0.8124212294934472,-0.028444482788726546,-0.20668826256373474,0.3818189154764863,0.21015013007255817,0.3590106625524818,0.40888642128510017,0.6931722151988107,0.4324522109162875,0.781236647535056,0.2972983697211489,0.5920770531468683,0.41452751159615536,0.3389425416341485
segment,-0.21794759476965322,-0.42748230691082717,0.05571104682712891,-1.542221362160086,-0.12879796729153312,-0.1074482397305574,0.5630251083184619,-1.514379392161548,-0.5763460139615613,1.7497485316236707,-0.31682285960110207,-0.25831748019753614,0.634391650685209,0.5683469512675209,0.1504773560593817,0.652763560531613,-0.11208362550683855,1.4484512544295327,0.12257852098918956,0.6070547333453477,1.100239922038361,0.752198961433357,-0.42211165191347194,0.03595669028689258,0.44545716587019984,0.30141734692861666,-0.3612032509174255,0.4227205440675438,-0.7939602055249252,0.18356222038011083
seismic-bumps,-0.23610404505965307,-0.4795024672813465,-0.2607390133323452,-0.2607115916096521,0.8576535505826923,-0.3367161550010913,-0.17652172139869043,-2.6845665284490488,0.5113754901990317,-1.3970329331789564,-0.3504562355557518,0.006046084195382307,0.03844679289763626,0.13236107488331025,0.11162351650265918,0.34898668923681664,0.8124212294934472,-0.028444482788726546,-0.20668826256373474,0.3818189154764863,0.21015013007255817,0.3590106625524818,0.40888642128510017,0.6931722151988107,0.4324522109162875,0.781236647535056,0.2972983697211489,0.5920770531468683,0.41452751159615536,0.3389425416341485
semeion,-0.22414672565438173,0.5836831891987764,0.18768946659989444,-1.5662038784060348,-0.5493763551463091,-0.35372568068835714,-1.260447073100609,1.2749473091231027,-0.28255044648422883,-0.6228360182207299,0.6893401520853232,-0.6984950194013899,0.047481319099627266,0.3862700889892533,0.15170440992065992,-0.38899005102016154,-0.23849299802277785,0.21114276957148362,-0.56465520939111,0.3693977814716713,-0.14894273765617622,-0.04947617042014321,-0.44176754949631775,-1.5998400374594435,-0.4011260422572914,0.3972240540733538,-0.09202515128338931,0.21946947757918916,-0.16427468928499414,-0.5636066601788414
shuttle,0.2635441750637239,-0.44873335460781216,0.020029015557221558,0.9316643778803825,0.9775541578694551,3.2140705311594897,-1.9672466572056557,-0.8035988836264809,-0.20595279916510426,0.7861498831522695,5.002075045679119,2.2610133321205117,1.054662995331076,0.5773895541495829,-4.939328309628425,0.321460023768792,0.21631339254687176,0.4982168652744262,-0.04629084873923188,0.07741405689212268,0.06253872586833867,-0.021885919220122976,-0.155577996818405,-0.005248466329908426,0.006163670696798206,-0.010957217834448314,-0.014925689872475697,0.0028795371893954613,-0.014001466552684782,0.0099956276951918
spectrometer,-0.23332870194389596,2.2007272252548273,-0.6366497939850272,2.2215121115025114,-0.08071638844709289,0.1380870207260289,1.5523821367157797,-1.103385885930107,-1.2223981140728029,-0.2693554870557794,-0.7898285347270244,-0.19208472858199852,0.02733196428866638,0.007582840502793943,-0.7863064203102348,0.7743929692553687,-0.9448345625744278,0.25747327021508415,-1.0243033001375383,0.3132082877287376,0.19913782886424425,0.6440558194434373,0.20329182407278185,-0.38546953553676544,-0.22169075219048365,-1.0129444471339129,-0.39305217261730124,-0.37903965518470734,-0.9310465223957464,0.4713982572075306
steel-plates-fault,-0.22113794246346746,-0.3934827933647818,0.0522234586633846,-0.9878763387186067,-0.7519026304619116,0.17494224993060822,0.45969458479284314,-0.017199888729592785,-0.05005670556823587,0.44387654253994474,0.31054814678636383,-0.7124668855391808,-0.8255398085949432,0.8620989019966682,-0.13826610793284352,0.3175093569029676,-0.29751324211578817,0.4041483232555313,0.46863117875411836,0.31494199383831956,0.603873357721823,0.9922673617447585,-0.5096684433366059,-0.9746391153311342,-0.18665514329277724,1.336271267509438,1.216067462831532,0.0029064561517373687,-0.11401962289397354,-1.2205958749722239
synthetic_control,-0.2327321328629388,2.3074458973809735,-0.6484345625080603,2.0326198153876307,-0.13704523930926238,0.3274416149852771,2.0762809184875417,-1.1792888351629267,0.9690260230134933,0.4319308112400074,-0.7154062300313163,-0.09169919566421827,-0.1037539366782554,0.15044127497950563,-0.7403254173175519,0.8065880249248704,-1.3734016668520583,0.5509526257552997,-0.8497169855610202,0.7820021266280014,-0.4811224844484557,-0.7813262433706297,-0.8073055296467583,-0.05214854776612664,-0.4210321600154303,-1.0025733712780767,-0.42945104252218735,-0.7087397544745604,-0.17787932170477197,-0.2899635525244495
tae,-0.23661415485351497,-0.4880605365931572,-0.34065877375572057,0.53869705082412,-1.054317947261264,0.06174390472981241,-0.24656632885227808,0.45422984975743136,1.0563507427733243,0.41484457536364466,0.41486913559868344,-0.39652997786739924,-0.41880523560914845,0.2759762687134986,0.3632550099819125,-0.18952872734732445,-0.5170610677778489,-0.18237512644713874,0.20256287351324298,0.29129490076958164,-0.8987140764416672,-1.3766025748413229,-0.8703346214526249,0.8904080553528636,-0.3652127750163706,-0.15160908090099465,-0.5354570268332586,-0.47308937301587106,-0.2891746668708776,0.09629765588820582
tamilnadu-electricity,0.15789957216205333,-0.3510099714039051,1.0693396886542177,-2.3126791873989236,-1.0176943618032035,-0.17004289044187396,1.057830596720331,-1.3525609259283609,-0.04253963062615298,2.3099766093045093,-1.7139784501137367,2.0158386541307243,-0.050300255355750285,-1.8716427406205387,-1.3016811267345982,-1.4516269831076922,3.1982982485620512,-0.0315829694264465,-1.6181492347467186,-1.6100283326262632,-0.2649268990514692,0.1730920703899087,-1.198850599621329,-2.3114766248289844,-0.4613718157903448,-2.119451579049026,-0.8850464396772061,-0.42187178015418536,1.5684057129368014,1.9626374812788807
teachingassistant,-0.23661415485351497,-0.2746762855487422,-0.2832269435642094,-0.1784430376428308,-0.6449517169989274,0.01880430552543347,1.1821507537404758,0.5971418043372922,1.2638435594374144,0.3720123578450224,-0.40768497997370395,-0.11150527130316418,0.08452272115805395,-0.04913847257873248,-0.8004532206797947,-0.21492215638650478,1.1954609800366442,0.808086975386731,-0.8050810652965741,0.7289037196995729,0.11088432482142742,-1.4287779606563626,-0.30740238438898154,0.32030588638991403,0.15579583195212385,-0.35472339152990867,0.1368184181389949,-0.29172384365768284,-0.12411720152844188,-1.997456752995257
thyroid-allbp,-0.21371108970198657,-0.3974199924033085,-0.10973256820581333,0.030928436150403475,-0.47873608702302345,0.2260743153115848,1.2696702972293417,0.30163417147981547,0.4190510085816789,0.30136436948717515,-0.20953575239868766,-0.4791016648115921,-1.1456334868563904,0.3940098069808364,-0.8478387795320972,0.18695383774687874,0.009936438080629762,-0.20150183959319365,0.9054210394098178,0.7667187554103442,0.8889214433288444,3.11287290480757,-0.9454194422575671,-0.7226153972015706,-0.41580155510406175,1.2447854790514707,-0.43926748290143874,0.1595620590158485,-0.03893325606566116,-0.47464733897908307
thyroid-allhyper,-0.21371108970198657,-0.3974199924033085,-0.10973256820581333,0.030928436150403475,-0.47873608702302345,0.2260743153115848,1.2696702972293417,0.30163417147981547,0.4190510085816789,0.30136436948717515,-0.20953575239868766,-0.4791016648115921,-1.1456334868563904,0.3940098069808364,-0.8478387795320972,0.18695383774687874,0.009936438080629762,-0.20150183959319365,0.9054210394098178,0.7667187554103442,0.8889214433288444,3.11287290480757,-0.9454194422575671,-0.7226153972015706,-0.41580155510406175,1.2447854790514707,-0.43926748290143874,0.1595620590158485,-0.03893325606566116,-0.47464733897908307
user-knowledge,-0.23443538081871498,-0.487963583778774,-0.0981375301553312,-0.7115385943400712,0.12345186777545232,-0.19604866097383195,-0.21811353001014683,0.3071469554325663,-2.1704917736458627,-0.6327199808962538,0.11926878477826698,-0.65136334851072,-0.05371071382619411,0.4206978092768296,-0.06933010981387758,0.1380802512881082,0.5074972171632649,0.08832857067777895,-0.6102812041019969,-0.10832680374937724,1.1003905890795955,-0.336380721612306,0.41269655523087917,-0.04178585727390365,0.3318343404918365,1.0670549344323335,0.7581900768597636,1.0101068666930795,-0.1370914354101557,0.8018631897198478
vehicle,-0.23060523440039596,-0.4323132416152748,-0.3472647234162377,0.7045391846908745,1.8309405294052175,-0.5124648980807203,-0.027223143593799334,0.9702953701056214,0.0014399193319012513,-0.369030076882318,-0.4826440863914747,-0.5391178128193671,-0.8184693883574771,-0.18683868449178043,-0.8026235886121303,-0.5325744538500321,0.7805252086777663,-0.6204004865250542,-0.39647073239352043,0.7853222931218158,-0.6794816295274219,-0.5628844470400587,-0.2645712178003266,0.2667891261355215,-0.19441806461267674,0.049250300308927054,0.773852867834767,0.42006021846497177,0.8311485617865843,0.3336139751824856
vertebra-column,-0.23523945218870068,-0.4837316789631938,-0.3412434403997535,0.5699964266506893,2.7304760813014393,-0.6736910275145794,0.15611182101885054,0.6732213817896515,-0.05607866593823343,-0.6916204891266602,-0.7955315381080201,-0.19203502956469892,0.23556461471004264,-0.7188159216345893,-0.7684286253518899,-0.7110210073347452,0.961858678195711,-0.06006739006093567,-0.5507008073311448,0.5779011205848108,-0.1957368040982678,-0.09126819743078682,-0.2088191109867273,0.7973025621226368,0.059187580579327284,0.2865981930543706,0.5599421869104312,0.412167815311532,0.8837572000602522,0.12835493195244752
volcanoes-a1,-0.20980312992528186,-0.49540284839127435,-0.09926431044352761,1.2196142135131187,-0.35578669275555047,-0.0672190147227375,-0.380145344195551,-0.3801586362199922,-0.1960967666706588,0.44842927815848543,0.11076655070630918,-0.17423120895714958,0.033852652542538005,-0.3736501257940037,0.4745746944333084,0.6397137442349722,-0.2400683040183365,-1.5855238939579162,0.6339678376774089,-1.0103749183294817,-0.2654870621887242,1.0686927126037764,0.1709029524310229,1.1993950347210904,-0.22825870728808462,-0.3143552706676539,1.1069152272287466,-0.9270622769974949,-1.660033139774555,-0.2184673183719778
volcanoes-a3,-0.22476923252146744,-0.496068821890073,-0.09800931435874363,1.1658702120394921,-0.3352730459244128,-0.06432522573004448,-0.38348440139357487,-0.33272497424700426,-0.19213287243646768,0.4291698835670027,0.17635782626649682,-0.259722598745498,0.12983903687301604,-0.3111702462166977,0.5200185440400763,0.027130033362548895,0.7249610469013146,-1.6333580926031075,0.31939549697405517,-0.36803165965676843,1.0214124397115085,1.6716716717842437,0.954042938252018,-0.37794625199788695,-0.638088119397995,0.3423958817349332,-0.1281158542448373,0.1822856803906098,-0.49909484715771407,-0.11855194859219509
volcanoes-a4,-0.22482110809372458,-0.49607113029041544,-0.09800496428565947,1.1727087947562773,-0.36757330197904564,-0.05788911993028235,-0.39358937896598045,-0.26191196727172034,-0.06436397532345674,0.4061136093691574,0.20059019198760877,-0.24208131379232156,0.15764501602689918,-0.3406058625624838,0.5353035892318795,-0.08692337850535861,0.11665774132626144,-1.360213779966883,0.4289674817537134,-0.45276784314215923,0.5236242162262896,1.3977498653651779,0.4531567911965049,0.09612225308210294,-0.619527761510937,0.22299170172357244,-0.10195222433915202,-0.17581532873047326,-0.24563227361736745,-0.10888951094993171
volcanoes-d1,-0.16224187609419174,-0.4932864300106324,-0.10325260244953358,1.5121829853508943,-0.17639135528164862,-0.12340528429898397,-0.41984059842871474,0.12016705996871152,0.6322735910476309,0.26217163681306493,-0.05867674639404457,0.27235576704209286,0.07952483033754291,-0.97386975523821,0.3365111870627822,-1.12216368903445,-1.2724776165740277,-1.2547777080595677,0.4575453451701484,0.07277524849349808,0.6920777915379285,-0.38509437367847754,-1.1255595293136593,-2.5517704499418827,7.5180941397160375,1.053199539167496E-9,3.4629331841750726E-8,-1.3222051994471447E-8,-4.758693697178642E-8,-2.4729860825800642E-8
wall-robot-navigation,-0.19074750304949153,-0.49028721097792377,-0.18223294255372452,-0.35376692807516047,-0.1575504293650304,-0.13030028965256507,0.3825452462744506,-0.29947938089392445,0.21740287687104964,0.8123736711037586,-0.3389455474926132,0.012991353215693734,0.21204750493122607,-0.043327992037416725,-0.11818250748087626,-0.07436682774204673,0.4262180783495418,0.6036304228699724,-0.5243250350844896,0.2697978060692736,0.2970976934813033,-1.3633694575286777,-0.509155109004093,0.12228712813175582,-0.07169530710699709,0.03982295726610576,-0.2345528674817267,0.13184683794114102,0.509264597706853,-0.33534024257110495
waveform-5000,-0.19469004654103436,-0.33682598865197166,-0.3606029975755043,0.6036561478426767,-0.14844673721679147,-0.17851197369912464,-0.5938941882631363,0.685981898618325,-0.40640272201378896,-0.2217411807793181,0.14500993587164548,0.17773819019890552,0.9265554120631813,-0.5909799423625409,0.64461015856991,-0.6085248065404664,-0.5416673317901833,1.0391352089842114,0.29322245289976095,-1.15668296368155,-0.11861658285436848,1.2548301227712049,0.3713983107569811,-0.8560330465724016,-0.5885615873152775,-3.19595669390961,5.226972342895746,1.7043641583354154,0.7484002841512175,-1.37748019966586
wine-quality-white,-0.19557193126940578,-0.4606280970635541,0.05758983296190957,-0.26835133492899976,-0.4399813776866324,-0.08195257208423498,-0.08060051393590593,1.0101078577753009,0.2992012439708971,-0.0924852052827187,0.17649767038370812,-0.12413381174946235,0.2613982695798495,-0.38013268068001305,-0.021115170542317555,-0.12874852102150564,-0.7399956407981974,0.674893765074007,0.8185117628899444,-0.4095669037371726,-0.04654987515733465,-0.6882386125396674,1.7602303694189632,-1.2394158532120636,-0.4761693458557553,-0.8067811961371493,0.8046569859757494,-4.723029165673394,-1.245190675706333,3.238354127651567
wine,-0.23638071477835781,-0.45390866862450974,-0.34443346674301994,0.4959407292889235,-0.7526364907725449,-0.007980986573565241,-0.4198322110856416,-0.09707029372886229,-0.6916165598043015,0.37341381132681234,0.34407098256649227,-0.16267673616487863,0.8717907735438933,-0.01988932936985306,0.9143721707717894,-0.11374674638324536,1.1800278887641278,0.03490010636816085,-0.5604480548779194,-0.45737151808638016,1.1388045594254008,-0.2294097600356828,1.3373849890108913,0.23887547617098925,0.08251217805436425,0.37985871758801193,-0.44248302501811165,0.05904759268150606,0.4375138639188024,-0.8378491513239616
zoo,-0.23704645128899116,-0.014366735944076383,-0.3927247806572751,0.6656684188415402,-0.44898952912772827,-0.004196707482687445,1.4908006432983567,-0.15786412787458107,-2.9070902618722587,-0.6122556677043787,-0.8921641198349453,-0.008124602465760671,0.8775168809879182,-0.38453727336127713,-0.9383601468316198,0.13408526068573792,-2.3204499822739506,1.727488456300455,-0.01574204368249899,-0.24831368795721537,1.1407497555199297,-1.382932219058831,-1.5504645209524415,0.3456945486709361,-0.3310503251694759,-0.6660736650794925,-0.1346589554035682,0.17739351769041994,-0.015585492235707847,0.40286027645256617
